price,time,id
122.92,2024051717,956472
120.54,2024051721,956472
121.49,2024051801,956472
120.16,2024051805,956472
120.05,2024051809,956472
127.18,2024051813,956472
122.6,2024051817,956472
121.34,2024051821,956472
119.44,2024051901,956472
121.69,2024051905,956472
122.31,2024051909,956472
119.9,2024051913,956472
120.28,2024051917,956472
120.16,2024051921,956472
119.52,2024052001,956472
120.08,2024052005,956472
119.79,2024052009,956472
116.66,2024052013,956472
117.03,2024052017,956472
117.13,2024052021,956472
117.59,2024052101,956472
115.25,2024052105,956472
112.89,2024052109,956472
111.59,2024052113,956472
109.47,2024052117,956472
108.25,2024052121,956472
107.72,2024052201,956472
110.68,2024052205,956472
108.44,2024052209,956472
107.07,2024052213,956472
106.45,2024052217,956472
106.09,2024052221,956472
103.66,2024052301,956472
101.43,2024052305,956472
102.74,2024052309,956472
101.55,2024052313,956472
98.08,2024052317,956472
95.36,2024052321,956472
92.03,2024052401,956472
93.06,2024052405,956472
96.54,2024052409,956472
89.11,2024052413,956472
86.71,2024052417,956472
85.85,2024052421,956472
88.2,2024052501,956472
88.88,2024052505,956472
88.68,2024052509,956472
88.65,2024052513,956472
93.59,2024052517,956472
93.4,2024052521,956472
95.89,2024052601,956472
102.27,2024052605,956472
98.3,2024052609,956472
99.83,2024052613,956472
97.82,2024052617,956472
99.41,2024052621,956472
103.28,2024052701,956472
99.88,2024052705,956472
99.84,2024052709,956472
99.47,2024052713,956472
98.88,2024052717,956472
98.48,2024052721,956472
94.56,2024052801,956472
97.29,2024052805,956472
92.98,2024052809,956472
93.87,2024052813,956472
90.4,2024052817,956472
89.46,2024052821,956472
91.6,2024052901,956472
90.14,2024052905,956472
91.48,2024052909,956472
91.25,2024052913,956472
92.5,2024052917,956472
90.69,2024052921,956472
90.85,2024053001,956472
93.13,2024053005,956472
93.23,2024053009,956472
92.86,2024053013,956472
93.57,2024053017,956472
92.19,2024053021,956472
91.58,2024053101,956472
90.98,2024053105,956472
92.02,2024053109,956472
90.7,2024053113,956472
91.32,2024053117,956472
91.46,2024053121,956472
91.47,2024060101,956472
91.03,2024060105,956472
91.83,2024060109,956472
93.59,2024060113,956472
92.57,2024060117,956472
92.55,2024060121,956472
92.62,2024060201,956472
93.15,2024060205,956472
92.73,2024060209,956472
93.58,2024060213,956472
93.46,2024060217,956472
93.38,2024060221,956472
94.51,2024060301,956472
93.25,2024060305,956472
104.07,2024060309,956472
93.67,2024060313,956472
93.91,2024060317,956472
94.09,2024060321,956472
93.35,2024060401,956472
89.77,2024060405,956472
92.36,2024060409,956472
91.61,2024060413,956472
94.17,2024060417,956472
92.78,2024060421,956472
96.88,2024060501,956472
92.54,2024060505,956472
91.51,2024060509,956472
91.79,2024060513,956472
92.39,2024060517,956472
91.04,2024060521,956472
91.35,2024060601,956472
90.89,2024060605,956472
89.43,2024060609,956472
89.68,2024060613,956472
88.78,2024060617,956472
87.77,2024060621,956472
89.43,2024060701,956472
88.31,2024060705,956472
88.29,2024060709,956472
86.69,2024060713,956472
84.96,2024060717,956472
85.06,2024060721,956472
84.47,2024060801,956472
85.42,2024060805,956472
83.04,2024060809,956472
82.25,2024060813,956472
83.14,2024060817,956472
82.6,2024060821,956472
82.03,2024060901,956472
86.48,2024060905,956472
80.29,2024060909,956472
80.49,2024060913,956472
80.52,2024060917,956472
80.51,2024060921,956472
79.75,2024061001,956472
80.9,2024061005,956472
80.63,2024061009,956472
80.52,2024061013,956472
80.47,2024061017,956472
80.59,2024061021,956472
80.6,2024061101,956472
82.67,2024061105,956472
80.83,2024061109,956472
80.56,2024061113,956472
81.52,2024061117,956472
80.69,2024061121,956472
81.29,2024061201,956472
80.45,2024061205,956472
80.37,2024061209,956472
80.6,2024061213,956472
80.59,2024061217,956472
80.47,2024061221,956472
80.3,2024061301,956472
80.55,2024061305,956472
78.55,2024061309,956472
78.05,2024061313,956472
78.59,2024061317,956472
77.6,2024061321,956472
78.44,2024061401,956472
79.89,2024061405,956472
77.13,2024061409,956472
76.03,2024061413,956472
76.85,2024061417,956472
76.82,2024061421,956472
76.28,2024061501,956472
76.15,2024061505,956472
76.18,2024061509,956472
76.96,2024061513,956472
76.91,2024061517,956472
76.67,2024061521,956472
76.36,2024061601,956472
76.11,2024061605,956472
77.36,2024061609,956472
75.5,2024061613,956472
77.19,2024061617,956472
199.62,2024051717,956534
198.29,2024051721,956534
198.07,2024051801,956534
189.52,2024051805,956534
188.51,2024051809,956534
186.76,2024051813,956534
183.83,2024051817,956534
181.46,2024051821,956534
187.19,2024051901,956534
193.05,2024051905,956534
191.53,2024051909,956534
190.35,2024051913,956534
185.72,2024051917,956534
186.71,2024051921,956534
194.97,2024052001,956534
182.63,2024052005,956534
192.71,2024052009,956534
184.18,2024052013,956534
180.32,2024052017,956534
173.64,2024052021,956534
173.75,2024052101,956534
181.62,2024052105,956534
175.73,2024052109,956534
176.04,2024052113,956534
173.74,2024052117,956534
173.29,2024052121,956534
176.74,2024052201,956534
177.03,2024052205,956534
174.29,2024052209,956534
180.55,2024052213,956534
159.99,2024052217,956534
156.7,2024052221,956534
162.17,2024052301,956534
157.83,2024052305,956534
155.22,2024052309,956534
154.78,2024052313,956534
153.07,2024052317,956534
145.74,2024052321,956534
145.27,2024052401,956534
149.67,2024052405,956534
144.89,2024052409,956534
148.55,2024052413,956534
143.35,2024052417,956534
141.49,2024052421,956534
152.34,2024052501,956534
142.48,2024052505,956534
140.75,2024052509,956534
143.22,2024052513,956534
147.86,2024052517,956534
145.34,2024052521,956534
145.36,2024052601,956534
149.88,2024052605,956534
153.34,2024052609,956534
171.56,2024052613,956534
153.95,2024052617,956534
149.22,2024052621,956534
161.75,2024052701,956534
153.64,2024052705,956534
163.31,2024052709,956534
158.44,2024052713,956534
155.76,2024052717,956534
154.43,2024052721,956534
156.82,2024052801,956534
160.69,2024052805,956534
159.77,2024052809,956534
154.16,2024052813,956534
154.27,2024052817,956534
155.47,2024052821,956534
158.45,2024052901,956534
155.2,2024052905,956534
155.6,2024052909,956534
157.33,2024052913,956534
157.47,2024052917,956534
159.39,2024052921,956534
156.34,2024053001,956534
157.16,2024053005,956534
157.04,2024053009,956534
156.62,2024053013,956534
157.17,2024053017,956534
153.52,2024053021,956534
152.36,2024053101,956534
153.33,2024053105,956534
150.85,2024053109,956534
150.81,2024053113,956534
149.96,2024053117,956534
150.63,2024053121,956534
147.41,2024060101,956534
145.4,2024060105,956534
142.95,2024060109,956534
143.56,2024060113,956534
150.13,2024060117,956534
152.54,2024060121,956534
148.81,2024060201,956534
153.57,2024060205,956534
154.16,2024060209,956534
151.47,2024060213,956534
148.44,2024060217,956534
147.98,2024060221,956534
146.4,2024060301,956534
146.88,2024060305,956534
149.26,2024060309,956534
136.56,2024060313,956534
143.62,2024060317,956534
136.8,2024060321,956534
146.25,2024060401,956534
144.73,2024060405,956534
142.96,2024060409,956534
145.03,2024060413,956534
145.25,2024060417,956534
145.5,2024060421,956534
130.27,2024060501,956534
143.44,2024060505,956534
145.52,2024060509,956534
146.52,2024060513,956534
145.52,2024060517,956534
144.43,2024060521,956534
146.42,2024060601,956534
147.24,2024060605,956534
147.9,2024060609,956534
144.93,2024060613,956534
145.55,2024060617,956534
145.94,2024060621,956534
143.5,2024060701,956534
148.39,2024060705,956534
142.74,2024060709,956534
147.94,2024060713,956534
139.65,2024060717,956534
134.21,2024060721,956534
139.55,2024060801,956534
140.42,2024060805,956534
143.25,2024060809,956534
141.87,2024060813,956534
137.94,2024060817,956534
137.56,2024060821,956534
137.68,2024060901,956534
139.65,2024060905,956534
135.66,2024060909,956534
138.67,2024060913,956534
138.0,2024060917,956534
138.24,2024060921,956534
139.89,2024061001,956534
139.78,2024061005,956534
136.03,2024061009,956534
129.42,2024061013,956534
133.53,2024061017,956534
128.98,2024061021,956534
131.81,2024061101,956534
148.05,2024061105,956534
130.39,2024061109,956534
134.85,2024061113,956534
131.4,2024061117,956534
132.23,2024061121,956534
132.33,2024061201,956534
132.88,2024061205,956534
130.68,2024061209,956534
131.99,2024061213,956534
130.75,2024061217,956534
131.99,2024061221,956534
130.12,2024061301,956534
125.98,2024061305,956534
124.85,2024061309,956534
122.79,2024061313,956534
123.73,2024061317,956534
121.47,2024061321,956534
123.3,2024061401,956534
123.58,2024061405,956534
122.46,2024061409,956534
116.8,2024061413,956534
115.56,2024061417,956534
115.89,2024061421,956534
116.61,2024061501,956534
123.51,2024061505,956534
119.13,2024061509,956534
115.47,2024061513,956534
124.48,2024061517,956534
120.16,2024061521,956534
121.37,2024061601,956534
121.59,2024061605,956534
121.81,2024061609,956534
122.23,2024061613,956534
179.47,2024051717,956543
180.12,2024051721,956543
180.03,2024051801,956543
181.97,2024051805,956543
177.47,2024051809,956543
177.57,2024051813,956543
178.49,2024051817,956543
174.74,2024051821,956543
178.73,2024051901,956543
183.12,2024051905,956543
180.81,2024051909,956543
186.21,2024051913,956543
186.4,2024051917,956543
187.38,2024051921,956543
186.35,2024052001,956543
186.64,2024052005,956543
181.48,2024052009,956543
187.87,2024052013,956543
174.45,2024052017,956543
176.03,2024052021,956543
176.89,2024052101,956543
185.61,2024052105,956543
176.56,2024052109,956543
173.73,2024052113,956543
178.91,2024052117,956543
171.02,2024052121,956543
167.48,2024052201,956543
165.36,2024052205,956543
159.91,2024052209,956543
159.34,2024052213,956543
170.56,2024052217,956543
162.49,2024052221,956543
164.5,2024052301,956543
160.28,2024052305,956543
154.52,2024052309,956543
161.73,2024052313,956543
152.25,2024052317,956543
154.03,2024052321,956543
157.93,2024052401,956543
156.28,2024052405,956543
155.52,2024052409,956543
156.01,2024052413,956543
156.72,2024052417,956543
167.31,2024052421,956543
165.23,2024052501,956543
145.89,2024052505,956543
155.54,2024052509,956543
148.4,2024052513,956543
147.95,2024052517,956543
151.88,2024052521,956543
158.43,2024052601,956543
169.65,2024052605,956543
161.14,2024052609,956543
168.12,2024052613,956543
159.95,2024052617,956543
150.43,2024052621,956543
152.91,2024052701,956543
163.29,2024052705,956543
153.04,2024052709,956543
161.82,2024052713,956543
154.26,2024052717,956543
149.44,2024052721,956543
155.78,2024052801,956543
154.6,2024052805,956543
151.23,2024052809,956543
151.13,2024052813,956543
158.13,2024052817,956543
154.63,2024052821,956543
158.38,2024052901,956543
153.48,2024052905,956543
155.74,2024052909,956543
155.96,2024052913,956543
158.19,2024052917,956543
157.1,2024052921,956543
152.39,2024053001,956543
162.76,2024053005,956543
162.42,2024053009,956543
159.07,2024053013,956543
157.95,2024053017,956543
160.98,2024053021,956543
158.99,2024053101,956543
159.97,2024053105,956543
159.65,2024053109,956543
154.76,2024053113,956543
157.3,2024053117,956543
156.9,2024053121,956543
164.54,2024060101,956543
153.71,2024060105,956543
155.87,2024060109,956543
149.45,2024060113,956543
153.35,2024060117,956543
163.19,2024060121,956543
156.21,2024060201,956543
158.32,2024060205,956543
164.81,2024060209,956543
161.04,2024060213,956543
157.36,2024060217,956543
159.15,2024060221,956543
166.34,2024060301,956543
153.17,2024060305,956543
166.47,2024060309,956543
162.83,2024060313,956543
162.88,2024060317,956543
152.77,2024060321,956543
163.32,2024060401,956543
163.2,2024060405,956543
157.41,2024060409,956543
157.91,2024060413,956543
162.3,2024060417,956543
156.7,2024060421,956543
157.95,2024060501,956543
152.28,2024060505,956543
161.82,2024060509,956543
159.0,2024060513,956543
160.04,2024060517,956543
162.85,2024060521,956543
155.66,2024060601,956543
152.37,2024060605,956543
158.17,2024060609,956543
155.25,2024060613,956543
162.86,2024060617,956543
163.89,2024060621,956543
156.95,2024060701,956543
160.39,2024060705,956543
169.58,2024060709,956543
159.71,2024060713,956543
159.39,2024060717,956543
150.85,2024060721,956543
158.52,2024060801,956543
154.64,2024060805,956543
202.64,2024060809,956543
149.67,2024060813,956543
151.68,2024060817,956543
147.13,2024060821,956543
155.69,2024060901,956543
159.74,2024060905,956543
152.3,2024060909,956543
149.78,2024060913,956543
148.47,2024060917,956543
145.99,2024060921,956543
141.76,2024061001,956543
154.93,2024061005,956543
143.21,2024061009,956543
144.23,2024061013,956543
150.66,2024061017,956543
154.03,2024061021,956543
156.59,2024061101,956543
155.28,2024061105,956543
155.83,2024061109,956543
151.82,2024061113,956543
148.74,2024061117,956543
153.51,2024061121,956543
147.9,2024061201,956543
148.87,2024061205,956543
147.78,2024061209,956543
146.44,2024061213,956543
149.18,2024061217,956543
144.96,2024061221,956543
146.75,2024061301,956543
141.32,2024061305,956543
134.94,2024061309,956543
141.44,2024061313,956543
142.11,2024061317,956543
150.54,2024061321,956543
148.54,2024061401,956543
149.59,2024061405,956543
143.32,2024061409,956543
134.43,2024061413,956543
144.84,2024061417,956543
141.93,2024061421,956543
139.11,2024061501,956543
142.34,2024061505,956543
137.84,2024061509,956543
78.78,2024051717,956551
78.48,2024051721,956551
77.76,2024051801,956551
78.13,2024051805,956551
78.71,2024051809,956551
78.26,2024051813,956551
77.95,2024051817,956551
76.59,2024051821,956551
76.88,2024051901,956551
77.27,2024051905,956551
77.09,2024051909,956551
76.77,2024051913,956551
77.38,2024051917,956551
76.23,2024051921,956551
76.21,2024052001,956551
76.45,2024052005,956551
76.38,2024052009,956551
75.21,2024052013,956551
74.1,2024052017,956551
74.35,2024052021,956551
73.85,2024052101,956551
74.52,2024052105,956551
74.03,2024052109,956551
73.22,2024052113,956551
72.12,2024052117,956551
69.23,2024052121,956551
68.45,2024052201,956551
68.42,2024052205,956551
68.01,2024052209,956551
67.63,2024052213,956551
66.55,2024052217,956551
66.07,2024052221,956551
65.62,2024052301,956551
66.26,2024052305,956551
66.46,2024052309,956551
62.96,2024052313,956551
62.5,2024052317,956551
62.21,2024052321,956551
61.4,2024052401,956551
61.79,2024052405,956551
59.88,2024052409,956551
57.64,2024052413,956551
57.51,2024052417,956551
57.8,2024052421,956551
57.58,2024052501,956551
57.49,2024052505,956551
57.4,2024052509,956551
58.93,2024052513,956551
60.87,2024052517,956551
61.6,2024052521,956551
61.37,2024052601,956551
62.28,2024052605,956551
63.78,2024052609,956551
64.49,2024052613,956551
62.92,2024052617,956551
63.19,2024052621,956551
63.69,2024052701,956551
65.3,2024052705,956551
63.64,2024052709,956551
63.36,2024052713,956551
62.28,2024052717,956551
62.55,2024052721,956551
62.07,2024052801,956551
62.12,2024052805,956551
62.28,2024052809,956551
62.49,2024052813,956551
62.63,2024052817,956551
61.2,2024052821,956551
61.38,2024052901,956551
61.19,2024052905,956551
61.2,2024052909,956551
59.67,2024052913,956551
58.27,2024052917,956551
57.91,2024052921,956551
57.86,2024053001,956551
56.51,2024053005,956551
56.82,2024053009,956551
55.21,2024053013,956551
54.66,2024053017,956551
54.83,2024053021,956551
54.61,2024053101,956551
56.1,2024053105,956551
57.48,2024053109,956551
56.3,2024053113,956551
56.37,2024053117,956551
57.22,2024053121,956551
56.51,2024060101,956551
56.44,2024060105,956551
56.77,2024060109,956551
56.35,2024060113,956551
57.08,2024060117,956551
56.93,2024060121,956551
56.21,2024060201,956551
57.74,2024060205,956551
57.7,2024060209,956551
58.46,2024060213,956551
57.94,2024060217,956551
57.58,2024060221,956551
58.28,2024060301,956551
57.55,2024060305,956551
58.58,2024060309,956551
61.44,2024060313,956551
59.19,2024060317,956551
59.71,2024060321,956551
59.7,2024060401,956551
59.38,2024060405,956551
60.23,2024060409,956551
59.78,2024060413,956551
59.61,2024060417,956551
58.93,2024060421,956551
58.98,2024060501,956551
57.73,2024060505,956551
58.61,2024060509,956551
58.62,2024060513,956551
58.02,2024060517,956551
57.52,2024060521,956551
57.52,2024060601,956551
57.41,2024060605,956551
56.18,2024060609,956551
55.86,2024060613,956551
55.13,2024060617,956551
54.64,2024060621,956551
54.74,2024060701,956551
55.36,2024060705,956551
55.01,2024060709,956551
55.01,2024060713,956551
54.73,2024060717,956551
55.52,2024060721,956551
54.16,2024060801,956551
54.71,2024060805,956551
54.52,2024060809,956551
54.48,2024060813,956551
52.76,2024060817,956551
52.64,2024060821,956551
51.7,2024060901,956551
53.96,2024060905,956551
52.33,2024060909,956551
53.11,2024060913,956551
53.6,2024060917,956551
52.88,2024060921,956551
52.56,2024061001,956551
54.35,2024061005,956551
54.49,2024061009,956551
53.17,2024061013,956551
52.51,2024061017,956551
53.08,2024061021,956551
56.4,2024061101,956551
57.7,2024061105,956551
55.2,2024061109,956551
54.48,2024061113,956551
54.92,2024061117,956551
54.64,2024061121,956551
54.24,2024061201,956551
53.81,2024061205,956551
53.3,2024061209,956551
52.73,2024061213,956551
51.78,2024061217,956551
51.29,2024061221,956551
51.58,2024061301,956551
51.54,2024061305,956551
51.62,2024061309,956551
51.71,2024061313,956551
51.29,2024061317,956551
51.28,2024061321,956551
50.7,2024061401,956551
50.46,2024061405,956551
51.05,2024061409,956551
50.85,2024061413,956551
51.05,2024061417,956551
51.1,2024061421,956551
51.96,2024061501,956551
51.6,2024061505,956551
51.07,2024061509,956551
51.17,2024061513,956551
51.61,2024061517,956551
51.76,2024061521,956551
51.72,2024061601,956551
51.5,2024061605,956551
51.77,2024061609,956551
52.09,2024061613,956551
63.21,2024051717,956555
63.97,2024051721,956555
65.85,2024051801,956555
69.39,2024051805,956555
60.34,2024051809,956555
62.84,2024051813,956555
63.53,2024051817,956555
60.1,2024051821,956555
62.25,2024051901,956555
61.36,2024051905,956555
61.84,2024051909,956555
61.22,2024051913,956555
60.55,2024051917,956555
63.97,2024051921,956555
65.05,2024052001,956555
62.68,2024052005,956555
55.99,2024052009,956555
61.57,2024052013,956555
57.94,2024052017,956555
58.55,2024052021,956555
56.56,2024052101,956555
56.77,2024052105,956555
57.5,2024052109,956555
57.68,2024052113,956555
55.22,2024052117,956555
57.38,2024052121,956555
60.98,2024052201,956555
56.75,2024052205,956555
57.47,2024052209,956555
56.77,2024052213,956555
56.31,2024052217,956555
54.53,2024052221,956555
53.06,2024052301,956555
53.6,2024052305,956555
53.22,2024052309,956555
53.77,2024052313,956555
53.9,2024052317,956555
50.27,2024052321,956555
49.8,2024052401,956555
50.66,2024052405,956555
47.29,2024052409,956555
49.03,2024052413,956555
47.18,2024052417,956555
49.22,2024052421,956555
49.77,2024052501,956555
52.13,2024052505,956555
45.4,2024052509,956555
47.7,2024052513,956555
50.43,2024052517,956555
50.22,2024052521,956555
51.93,2024052601,956555
51.81,2024052605,956555
48.95,2024052609,956555
48.83,2024052613,956555
48.27,2024052617,956555
48.59,2024052621,956555
52.23,2024052701,956555
49.48,2024052705,956555
52.03,2024052709,956555
49.22,2024052713,956555
51.2,2024052717,956555
51.76,2024052721,956555
52.8,2024052801,956555
49.15,2024052805,956555
51.43,2024052809,956555
50.46,2024052813,956555
49.4,2024052817,956555
50.09,2024052821,956555
52.61,2024052901,956555
49.91,2024052905,956555
50.0,2024052909,956555
52.99,2024052913,956555
50.66,2024052917,956555
50.91,2024052921,956555
51.49,2024053001,956555
51.13,2024053005,956555
54.77,2024053009,956555
52.13,2024053013,956555
51.16,2024053017,956555
50.49,2024053021,956555
50.81,2024053101,956555
50.7,2024053105,956555
51.55,2024053109,956555
50.85,2024053113,956555
50.23,2024053117,956555
51.55,2024053121,956555
50.84,2024060101,956555
50.19,2024060105,956555
50.17,2024060109,956555
50.71,2024060113,956555
51.34,2024060117,956555
50.55,2024060121,956555
48.36,2024060201,956555
51.8,2024060205,956555
49.13,2024060209,956555
48.69,2024060213,956555
49.39,2024060217,956555
47.67,2024060221,956555
49.53,2024060301,956555
50.19,2024060305,956555
50.15,2024060309,956555
49.72,2024060313,956555
49.48,2024060317,956555
50.03,2024060321,956555
48.32,2024060401,956555
48.84,2024060405,956555
48.19,2024060409,956555
45.55,2024060413,956555
48.16,2024060417,956555
50.12,2024060421,956555
50.37,2024060501,956555
46.47,2024060505,956555
47.88,2024060509,956555
47.86,2024060513,956555
45.63,2024060517,956555
48.38,2024060521,956555
48.85,2024060601,956555
40.19,2024060605,956555
49.1,2024060609,956555
47.45,2024060613,956555
47.2,2024060617,956555
47.29,2024060621,956555
46.29,2024060701,956555
47.39,2024060705,956555
45.64,2024060709,956555
48.17,2024060713,956555
49.41,2024060717,956555
44.81,2024060721,956555
45.17,2024060801,956555
46.97,2024060805,956555
43.03,2024060809,956555
41.47,2024060813,956555
41.34,2024060817,956555
42.65,2024060821,956555
42.86,2024060901,956555
44.29,2024060905,956555
42.46,2024060909,956555
44.91,2024060913,956555
43.02,2024060917,956555
43.03,2024060921,956555
42.56,2024061001,956555
44.11,2024061005,956555
41.64,2024061009,956555
41.17,2024061013,956555
42.77,2024061017,956555
42.36,2024061021,956555
43.76,2024061101,956555
43.57,2024061105,956555
45.51,2024061109,956555
42.66,2024061113,956555
43.65,2024061117,956555
41.82,2024061121,956555
39.97,2024061201,956555
39.83,2024061205,956555
38.63,2024061209,956555
39.41,2024061213,956555
39.85,2024061217,956555
39.41,2024061221,956555
39.9,2024061301,956555
40.51,2024061305,956555
42.56,2024061309,956555
39.54,2024061313,956555
41.21,2024061317,956555
43.18,2024061321,956555
40.44,2024061401,956555
39.39,2024061405,956555
38.6,2024061409,956555
40.06,2024061413,956555
38.78,2024061417,956555
38.81,2024061421,956555
38.21,2024061501,956555
42.71,2024061505,956555
38.74,2024061509,956555
38.68,2024061513,956555
41.35,2024061517,956555
39.53,2024061521,956555
40.35,2024061601,956555
42.63,2024061605,956555
41.86,2024061609,956555
70.76,2024051717,956570
72.51,2024051721,956570
70.39,2024051801,956570
71.63,2024051805,956570
70.47,2024051809,956570
73.5,2024051813,956570
71.75,2024051817,956570
68.24,2024051821,956570
73.75,2024051901,956570
74.43,2024051905,956570
71.59,2024051909,956570
71.12,2024051913,956570
71.56,2024051917,956570
71.19,2024051921,956570
71.7,2024052001,956570
66.74,2024052005,956570
62.71,2024052009,956570
66.78,2024052013,956570
65.9,2024052017,956570
63.97,2024052021,956570
65.44,2024052101,956570
64.42,2024052105,956570
63.99,2024052109,956570
61.67,2024052113,956570
64.09,2024052117,956570
63.17,2024052121,956570
63.31,2024052201,956570
63.21,2024052205,956570
63.91,2024052209,956570
60.36,2024052213,956570
63.84,2024052217,956570
63.36,2024052221,956570
63.26,2024052301,956570
62.17,2024052305,956570
63.21,2024052309,956570
64.22,2024052313,956570
65.21,2024052317,956570
57.99,2024052321,956570
54.63,2024052401,956570
52.77,2024052405,956570
54.97,2024052409,956570
52.0,2024052413,956570
53.85,2024052417,956570
55.97,2024052421,956570
53.65,2024052501,956570
53.27,2024052505,956570
50.45,2024052509,956570
52.89,2024052513,956570
54.59,2024052517,956570
52.13,2024052521,956570
53.74,2024052601,956570
55.15,2024052605,956570
54.06,2024052609,956570
51.44,2024052613,956570
55.31,2024052617,956570
55.33,2024052621,956570
56.01,2024052701,956570
56.08,2024052705,956570
56.01,2024052709,956570
54.27,2024052713,956570
55.78,2024052717,956570
58.62,2024052721,956570
56.04,2024052801,956570
55.6,2024052805,956570
59.13,2024052809,956570
56.32,2024052813,956570
59.39,2024052817,956570
57.24,2024052821,956570
57.99,2024052901,956570
56.01,2024052905,956570
56.08,2024052909,956570
56.27,2024052913,956570
55.18,2024052917,956570
55.72,2024052921,956570
55.64,2024053001,956570
53.61,2024053005,956570
53.85,2024053009,956570
53.6,2024053013,956570
54.28,2024053017,956570
54.82,2024053021,956570
50.71,2024053101,956570
60.72,2024053105,956570
53.59,2024053109,956570
52.27,2024053113,956570
56.15,2024053117,956570
52.07,2024053121,956570
50.4,2024060101,956570
53.52,2024060105,956570
53.58,2024060109,956570
56.15,2024060113,956570
56.15,2024060117,956570
54.45,2024060121,956570
54.7,2024060201,956570
54.63,2024060205,956570
54.85,2024060209,956570
54.59,2024060213,956570
55.34,2024060217,956570
54.6,2024060221,956570
55.28,2024060301,956570
56.22,2024060305,956570
55.95,2024060309,956570
56.55,2024060313,956570
62.46,2024060317,956570
55.93,2024060321,956570
55.57,2024060401,956570
64.86,2024060405,956570
49.26,2024060409,956570
60.12,2024060413,956570
57.97,2024060417,956570
60.12,2024060421,956570
58.47,2024060501,956570
55.57,2024060505,956570
54.85,2024060509,956570
55.21,2024060513,956570
54.77,2024060517,956570
55.92,2024060521,956570
56.44,2024060601,956570
56.88,2024060605,956570
56.97,2024060609,956570
55.69,2024060613,956570
56.33,2024060617,956570
50.78,2024060621,956570
50.71,2024060701,956570
51.87,2024060705,956570
53.71,2024060709,956570
52.98,2024060713,956570
54.41,2024060717,956570
53.25,2024060721,956570
54.12,2024060801,956570
53.25,2024060805,956570
53.53,2024060809,956570
52.02,2024060813,956570
50.2,2024060817,956570
49.67,2024060821,956570
50.71,2024060901,956570
51.07,2024060905,956570
51.15,2024060909,956570
50.86,2024060913,956570
49.33,2024060917,956570
49.04,2024060921,956570
48.61,2024061001,956570
48.9,2024061005,956570
49.55,2024061009,956570
50.06,2024061013,956570
47.01,2024061017,956570
47.16,2024061021,956570
46.58,2024061101,956570
46.36,2024061105,956570
47.3,2024061109,956570
46.56,2024061113,956570
45.22,2024061117,956570
45.63,2024061121,956570
45.89,2024061201,956570
45.27,2024061205,956570
44.83,2024061209,956570
46.08,2024061213,956570
46.43,2024061217,956570
44.04,2024061221,956570
45.34,2024061301,956570
44.98,2024061305,956570
46.43,2024061309,956570
45.67,2024061313,956570
44.81,2024061317,956570
43.27,2024061321,956570
46.89,2024061401,956570
44.83,2024061405,956570
45.89,2024061409,956570
48.86,2024061413,956570
45.81,2024061417,956570
42.01,2024061421,956570
39.83,2024061501,956570
39.32,2024061505,956570
45.92,2024061509,956570
49.06,2024061513,956570
43.78,2024061517,956570
44.51,2024061521,956570
37.72,2024061601,956570
44.25,2024061605,956570
298.76,2024051717,956578
301.38,2024051721,956578
292.51,2024051801,956578
300.2,2024051805,956578
280.04,2024051809,956578
306.59,2024051813,956578
295.53,2024051817,956578
304.85,2024051821,956578
305.57,2024051901,956578
299.6,2024051905,956578
305.86,2024051909,956578
294.97,2024051913,956578
298.42,2024051917,956578
317.7,2024051921,956578
290.12,2024052001,956578
309.49,2024052005,956578
311.81,2024052009,956578
315.51,2024052013,956578
292.4,2024052017,956578
294.11,2024052021,956578
302.13,2024052101,956578
305.28,2024052105,956578
305.06,2024052109,956578
305.93,2024052113,956578
302.94,2024052117,956578
289.68,2024052121,956578
285.57,2024052201,956578
287.81,2024052205,956578
274.15,2024052209,956578
299.65,2024052213,956578
288.73,2024052217,956578
291.99,2024052221,956578
294.98,2024052301,956578
283.39,2024052305,956578
292.47,2024052309,956578
337.06,2024052313,956578
284.28,2024052317,956578
286.93,2024052321,956578
273.83,2024052401,956578
280.2,2024052405,956578
266.96,2024052409,956578
283.66,2024052413,956578
270.1,2024052417,956578
317.18,2024052421,956578
287.98,2024052501,956578
271.26,2024052505,956578
265.5,2024052509,956578
264.6,2024052513,956578
268.01,2024052517,956578
270.47,2024052521,956578
271.49,2024052601,956578
278.0,2024052605,956578
272.49,2024052609,956578
260.11,2024052613,956578
267.53,2024052617,956578
266.86,2024052621,956578
262.45,2024052701,956578
261.54,2024052705,956578
272.71,2024052709,956578
258.56,2024052713,956578
258.12,2024052717,956578
241.95,2024052721,956578
259.72,2024052801,956578
262.99,2024052805,956578
249.83,2024052809,956578
259.29,2024052813,956578
260.86,2024052817,956578
250.73,2024052821,956578
258.11,2024052901,956578
244.6,2024052905,956578
259.11,2024052909,956578
257.58,2024052913,956578
248.19,2024052917,956578
259.41,2024052921,956578
247.0,2024053001,956578
253.37,2024053005,956578
285.14,2024053009,956578
247.75,2024053013,956578
239.33,2024053017,956578
253.92,2024053021,956578
244.89,2024053101,956578
241.55,2024053105,956578
251.72,2024053109,956578
283.98,2024053113,956578
254.49,2024053117,956578
253.41,2024053121,956578
252.97,2024060101,956578
255.69,2024060105,956578
262.77,2024060109,956578
232.42,2024060113,956578
259.41,2024060117,956578
269.95,2024060121,956578
251.52,2024060201,956578
242.71,2024060205,956578
264.61,2024060209,956578
263.66,2024060213,956578
276.22,2024060217,956578
275.66,2024060221,956578
279.24,2024060301,956578
261.85,2024060305,956578
268.16,2024060309,956578
260.97,2024060313,956578
268.28,2024060317,956578
277.93,2024060321,956578
258.23,2024060401,956578
259.0,2024060405,956578
261.46,2024060409,956578
257.71,2024060413,956578
249.04,2024060417,956578
256.97,2024060421,956578
238.59,2024060501,956578
262.22,2024060505,956578
258.92,2024060509,956578
332.71,2024060513,956578
238.3,2024060517,956578
245.65,2024060521,956578
249.01,2024060601,956578
251.6,2024060605,956578
257.67,2024060609,956578
234.87,2024060613,956578
249.0,2024060617,956578
247.93,2024060621,956578
256.49,2024060701,956578
244.99,2024060705,956578
241.95,2024060709,956578
252.58,2024060713,956578
247.21,2024060717,956578
235.55,2024060721,956578
241.19,2024060801,956578
253.25,2024060805,956578
268.94,2024060809,956578
229.69,2024060813,956578
236.13,2024060817,956578
234.15,2024060821,956578
250.83,2024060901,956578
245.32,2024060905,956578
247.61,2024060909,956578
237.74,2024060913,956578
246.92,2024060917,956578
246.37,2024060921,956578
233.82,2024061001,956578
244.5,2024061005,956578
250.29,2024061009,956578
254.3,2024061013,956578
239.41,2024061017,956578
250.22,2024061021,956578
240.68,2024061101,956578
241.0,2024061105,956578
232.49,2024061109,956578
247.32,2024061113,956578
225.19,2024061117,956578
241.69,2024061121,956578
222.89,2024061201,956578
228.51,2024061205,956578
241.08,2024061209,956578
228.05,2024061213,956578
225.12,2024061217,956578
230.82,2024061221,956578
246.12,2024061301,956578
245.79,2024061305,956578
220.29,2024061309,956578
221.49,2024061313,956578
227.87,2024061317,956578
231.09,2024061321,956578
221.9,2024061401,956578
233.73,2024061405,956578
242.46,2024061409,956578
220.96,2024061413,956578
225.72,2024061417,956578
210.0,2024061421,956578
221.97,2024061501,956578
227.58,2024061505,956578
228.34,2024061509,956578
232.88,2024061513,956578
213.29,2024061517,956578
217.93,2024061521,956578
222.02,2024061601,956578
244.58,2024061605,956578
215.49,2024061609,956578
519.59,2024051717,956630
497.82,2024051719,956630
522.35,2024051720,956630
522.27,2024051723,956630
529.67,2024051800,956630
528.51,2024051804,956630
562.39,2024051806,956630
540.48,2024051809,956630
577.7,2024051810,956630
542.73,2024051811,956630
533.66,2024051812,956630
533.74,2024051813,956630
584.08,2024051816,956630
544.11,2024051818,956630
587.71,2024051820,956630
588.58,2024051900,956630
589.02,2024051904,956630
558.11,2024051908,956630
510.81,2024051910,956630
530.04,2024051912,956630
564.71,2024051913,956630
587.64,2024051914,956630
562.46,2024051915,956630
566.31,2024051916,956630
567.69,2024051917,956630
574.36,2024051920,956630
558.69,2024051921,956630
529.38,2024052000,956630
568.78,2024052002,956630
550.93,2024052003,956630
588.58,2024052004,956630
563.48,2024052005,956630
565.22,2024052006,956630
502.03,2024052011,956630
493.98,2024052018,956630
503.41,2024052019,956630
495.43,2024052020,956630
494.92,2024052021,956630
493.91,2024052100,956630
496.88,2024052111,956630
494.85,2024052114,956630
492.89,2024052115,956630
661.93,2024052117,956630
494.49,2024052119,956630
501.52,2024052120,956630
495.0,2024052121,956630
515.09,2024052122,956630
488.54,2024052123,956630
513.35,2024052202,956630
483.9,2024052204,956630
495.07,2024052206,956630
500.44,2024052208,956630
493.33,2024052212,956630
507.91,2024052214,956630
493.4,2024052218,956630
486.07,2024052220,956630
478.38,2024052221,956630
495.36,2024052300,956630
495.72,2024052302,956630
472.36,2024052304,956630
471.63,2024052317,956630
479.91,2024052318,956630
475.91,2024052321,956630
474.46,2024052323,956630
473.23,2024052400,956630
440.22,2024052402,956630
474.83,2024052403,956630
475.12,2024052408,956630
476.13,2024052409,956630
478.38,2024052410,956630
478.82,2024052411,956630
507.76,2024052412,956630
496.45,2024052413,956630
494.56,2024052415,956630
500.22,2024052416,956630
504.79,2024052417,956630
449.22,2024052421,956630
485.78,2024052501,956630
479.83,2024052502,956630
468.01,2024052505,956630
485.85,2024052506,956630
450.52,2024052508,956630
483.82,2024052511,956630
485.85,2024052512,956630
485.85,2024052514,956630
434.2,2024052515,956630
487.74,2024052518,956630
485.56,2024052520,956630
542.3,2024052601,956630
667.44,2024052605,956630
486.07,2024052606,956630
476.79,2024052616,956630
484.11,2024052618,956630
472.0,2024052621,956630
454.66,2024052622,956630
480.05,2024052623,956630
480.2,2024052700,956630
475.91,2024052708,956630
468.01,2024052716,956630
483.68,2024052718,956630
471.78,2024052721,956630
478.67,2024052722,956630
662.15,2024052802,956630
463.87,2024052809,956630
483.24,2024052814,956630
500.58,2024052816,956630
454.88,2024052819,956630
448.2,2024052820,956630
441.38,2024052901,956630
462.57,2024052903,956630
463.29,2024052911,956630
441.31,2024052916,956630
450.38,2024052919,956630
471.56,2024052920,956630
441.96,2024052921,956630
466.56,2024053000,956630
439.42,2024053003,956630
471.42,2024053004,956630
454.73,2024053011,956630
447.98,2024053015,956630
654.17,2024053016,956630
451.9,2024053020,956630
441.45,2024053021,956630
470.04,2024053023,956630
467.79,2024053103,956630
471.42,2024053104,956630
433.47,2024053114,956630
488.83,2024053115,956630
452.92,2024053117,956630
465.54,2024053121,956630
469.24,2024053122,956630
449.07,2024053123,956630
433.4,2024060100,956630
448.42,2024060102,956630
469.24,2024060104,956630
469.24,2024060106,956630
471.05,2024060108,956630
449.43,2024060109,956630
417.15,2024060111,956630
471.34,2024060112,956630
461.12,2024060118,956630
461.12,2024060119,956630
472.87,2024060120,956630
481.43,2024060121,956630
484.62,2024060200,956630
645.6,2024060203,956630
471.56,2024060208,956630
498.04,2024060211,956630
496.52,2024060214,956630
473.01,2024060218,956630
489.19,2024060220,956630
475.55,2024060221,956630
679.63,2024060222,956630
475.26,2024060223,956630
475.19,2024060301,956630
465.54,2024060304,956630
478.67,2024060305,956630
469.17,2024060307,956630
475.33,2024060308,956630
476.93,2024060323,956630
469.39,2024060400,956630
488.97,2024060406,956630
488.97,2024060407,956630
454.51,2024060417,956630
470.76,2024060420,956630
521.11,2024060422,956630
542.3,2024060423,956630
450.09,2024060500,956630
442.54,2024060516,956630
472.36,2024060605,956630
464.74,2024060606,956630
458.5,2024060609,956630
458.07,2024060611,956630
473.96,2024060614,956630
473.01,2024060618,956630
472.87,2024060620,956630
529.46,2024060622,956630
488.47,2024060702,956630
473.01,2024060706,956630
520.17,2024060716,956630
435.43,2024060719,956630
472.07,2024060720,956630
471.63,2024060802,956630
456.98,2024060803,956630
456.04,2024060804,956630
433.55,2024060806,956630
507.62,2024060813,956630
455.02,2024060815,956630
424.91,2024060816,956630
412.07,2024060817,956630
484.69,2024060818,956630
480.85,2024060819,956630
481.43,2024060822,956630
479.98,2024060902,956630
415.26,2024060905,956630
415.19,2024060908,956630
485.64,2024060912,956630
415.05,2024060915,956630
478.45,2024060916,956630
396.84,2024060919,956630
407.5,2024060922,956630
478.53,2024060923,956630
437.1,2024061011,956630
451.54,2024061016,956630
454.59,2024061017,956630
437.03,2024061018,956630
404.09,2024061020,956630
454.59,2024061022,956630
455.89,2024061023,956630
622.9,2024061103,956630
449.8,2024061105,956630
459.01,2024061109,956630
460.03,2024061110,956630
396.98,2024061119,956630
415.48,2024061120,956630
438.26,2024061122,956630
439.28,2024061201,956630
441.16,2024061202,956630
435.0,2024061210,956630
438.63,2024061211,956630
456.18,2024061215,956630
404.6,2024061310,956630
399.01,2024061311,956630
416.93,2024061314,956630
440.44,2024061315,956630
398.87,2024061316,956630
361.07,2024061321,956630
424.77,2024061403,956630
424.12,2024061408,956630
432.02,2024061412,956630
409.17,2024061414,956630
422.23,2024061419,956630
414.18,2024061503,956630
378.77,2024061504,956630
417.15,2024061507,956630
394.88,2024061518,956630
418.02,2024061520,956630
402.57,2024061600,956630
930.21,2024061607,956630
131.6,2024051717,956639
142.48,2024051719,956639
143.28,2024051720,956639
143.06,2024051721,956639
145.02,2024051722,956639
145.02,2024051723,956639
254.5,2024051803,956639
134.07,2024051810,956639
149.96,2024051812,956639
133.78,2024051813,956639
145.53,2024051815,956639
135.66,2024051817,956639
136.39,2024051819,956639
134.07,2024051820,956639
139.95,2024051822,956639
140.09,2024051823,956639
140.24,2024051906,956639
152.06,2024051909,956639
117.96,2024051911,956639
145.6,2024051915,956639
148.65,2024051916,956639
148.72,2024051919,956639
149.52,2024051920,956639
141.61,2024051921,956639
151.12,2024051922,956639
157.5,2024052002,956639
149.45,2024052013,956639
158.44,2024052018,956639
159.1,2024052019,956639
152.5,2024052022,956639
143.43,2024052101,956639
154.74,2024052105,956639
137.12,2024052110,956639
137.84,2024052112,956639
154.89,2024052117,956639
159.46,2024052119,956639
137.84,2024052201,956639
137.19,2024052203,956639
145.17,2024052204,956639
156.85,2024052208,956639
151.77,2024052215,956639
155.54,2024052219,956639
155.47,2024052220,956639
137.77,2024052223,956639
140.74,2024052300,956639
143.86,2024052302,956639
156.7,2024052303,956639
146.18,2024052312,956639
138.13,2024052313,956639
150.03,2024052318,956639
148.0,2024052322,956639
147.2,2024052400,956639
143.94,2024052403,956639
124.78,2024052407,956639
138.28,2024052408,956639
146.62,2024052410,956639
142.19,2024052412,956639
147.49,2024052414,956639
141.61,2024052416,956639
137.33,2024052417,956639
133.34,2024052422,956639
134.29,2024052423,956639
143.5,2024052501,956639
125.15,2024052508,956639
118.76,2024052509,956639
118.76,2024052511,956639
143.79,2024052519,956639
137.04,2024052521,956639
136.97,2024052522,956639
133.05,2024052600,956639
137.48,2024052601,956639
140.09,2024052606,956639
145.82,2024052609,956639
145.17,2024052613,956639
140.02,2024052616,956639
121.88,2024052622,956639
131.17,2024052700,956639
146.11,2024052702,956639
143.21,2024052715,956639
146.18,2024052719,956639
130.59,2024052806,956639
146.26,2024052812,956639
125.51,2024052816,956639
142.12,2024052817,956639
124.35,2024052818,956639
145.17,2024052819,956639
138.93,2024052822,956639
120.86,2024052900,956639
127.83,2024052906,956639
130.01,2024052916,956639
124.2,2024052920,956639
125.15,2024053001,956639
120.65,2024053002,956639
125.73,2024053005,956639
129.64,2024053006,956639
149.45,2024053007,956639
135.52,2024053009,956639
135.66,2024053014,956639
135.66,2024053016,956639
127.25,2024053020,956639
127.68,2024053021,956639
122.03,2024053022,956639
127.47,2024053100,956639
122.03,2024053102,956639
134.21,2024053111,956639
123.26,2024053114,956639
120.14,2024053116,956639
132.33,2024053117,956639
125.29,2024053122,956639
131.09,2024053123,956639
118.11,2024060103,956639
118.11,2024060106,956639
125.58,2024060109,956639
126.89,2024060113,956639
112.38,2024060116,956639
124.56,2024060118,956639
119.85,2024060121,956639
130.66,2024060202,956639
16.76,2024060203,956639
125.15,2024060205,956639
121.01,2024060210,956639
123.55,2024060211,956639
122.75,2024060213,956639
124.56,2024060214,956639
120.43,2024060217,956639
118.18,2024060218,956639
126.6,2024060219,956639
90.61,2024060221,956639
135.52,2024060303,956639
135.88,2024060309,956639
108.82,2024060310,956639
122.68,2024060316,956639
126.09,2024060321,956639
130.8,2024060322,956639
122.61,2024060400,956639
122.46,2024060401,956639
122.82,2024060406,956639
135.01,2024060411,956639
136.46,2024060415,956639
137.99,2024060421,956639
138.2,2024060422,956639
137.91,2024060514,956639
139.36,2024060520,956639
141.83,2024060601,956639
123.26,2024060606,956639
128.48,2024060607,956639
139.58,2024060610,956639
126.45,2024060614,956639
130.3,2024060615,956639
130.08,2024060619,956639
140.09,2024060701,956639
118.25,2024060708,956639
137.48,2024060713,956639
128.26,2024060714,956639
128.19,2024060718,956639
126.38,2024060805,956639
124.2,2024060807,956639
122.97,2024060808,956639
123.19,2024060809,956639
123.26,2024060818,956639
122.24,2024060900,956639
123.77,2024060901,956639
118.25,2024060903,956639
138.93,2024060904,956639
125.51,2024060907,956639
125.0,2024060911,956639
118.33,2024060915,956639
117.31,2024060920,956639
103.6,2024060921,956639
111.0,2024060922,956639
111.29,2024060923,956639
122.46,2024061001,956639
122.97,2024061003,956639
119.78,2024061010,956639
122.03,2024061011,956639
122.32,2024061012,956639
141.83,2024061015,956639
130.59,2024061016,956639
111.65,2024061017,956639
134.79,2024061023,956639
121.59,2024061102,956639
134.72,2024061103,956639
105.27,2024061121,956639
128.41,2024061122,956639
129.28,2024061201,956639
121.08,2024061203,956639
118.62,2024061204,956639
129.93,2024061205,956639
130.88,2024061212,956639
132.26,2024061214,956639
113.47,2024061301,956639
123.26,2024061313,956639
120.21,2024061321,956639
70.23,2024061322,956639
121.59,2024061403,956639
120.21,2024061405,956639
122.82,2024061407,956639
119.05,2024061410,956639
120.57,2024061412,956639
123.33,2024061414,956639
116.15,2024061500,956639
122.9,2024061507,956639
123.77,2024061511,956639
122.03,2024061517,956639
116.15,2024061521,956639
123.84,2024061522,956639
122.61,2024061601,956639
125.15,2024061602,956639
111.07,2024061606,956639
125.51,2024061607,956639
170.63,2024051721,956700
168.31,2024051814,956700
170.42,2024051817,956700
165.26,2024051821,956700
170.2,2024051822,956700
170.56,2024051901,956700
171.94,2024051903,956700
168.31,2024051912,956700
167.01,2024051913,956700
173.24,2024051914,956700
157.28,2024051915,956700
169.83,2024051923,956700
162.8,2024052006,956700
168.31,2024052011,956700
169.47,2024052014,956700
164.18,2024052101,956700
156.34,2024052114,956700
169.11,2024052118,956700
172.16,2024052119,956700
154.09,2024052122,956700
174.48,2024052205,956700
153.51,2024052307,956700
163.6,2024052308,956700
153.51,2024052310,956700
160.19,2024052312,956700
161.35,2024052320,956700
159.97,2024052402,956700
158.37,2024052415,956700
158.59,2024052417,956700
141.47,2024052504,956700
159.32,2024052515,956700
160.19,2024052518,956700
149.96,2024052611,956700
160.62,2024052613,956700
158.3,2024052619,956700
159.75,2024052622,956700
161.78,2024052711,956700
157.72,2024052800,956700
148.72,2024052811,956700
146.91,2024052815,956700
166.86,2024052818,956700
180.93,2024052904,956700
177.89,2024052916,956700
178.9,2024052917,956700
146.33,2024053009,956700
146.26,2024053019,956700
147.93,2024053022,956700
157.72,2024053023,956700
150.25,2024053114,956700
138.28,2024053120,956700
149.59,2024060105,956700
147.27,2024060108,956700
127.97,2024060111,956700
156.05,2024060119,956700
128.05,2024060212,956700
148.8,2024060214,956700
148.8,2024060217,956700
148.87,2024060303,956700
118.18,2024060311,956700
141.25,2024060317,956700
133.71,2024060323,956700
141.83,2024060415,956700
143.21,2024060418,956700
140.02,2024060422,956700
143.79,2024060507,956700
144.3,2024060509,956700
144.15,2024060516,956700
147.56,2024060611,956700
134.14,2024060614,956700
149.81,2024060620,956700
147.71,2024060623,956700
150.03,2024060716,956700
142.48,2024060720,956700
154.38,2024060723,956700
131.17,2024060812,956700
148.29,2024060820,956700
148.36,2024060823,956700
140.67,2024060910,956700
130.66,2024060911,956700
132.4,2024060915,956700
132.98,2024060918,956700
132.18,2024060921,956700
145.02,2024061000,956700
145.39,2024061010,956700
130.59,2024061021,956700
129.35,2024061117,956700
134.79,2024061202,956700
134.87,2024061207,956700
150.17,2024061301,956700
144.95,2024061312,956700
148.65,2024061315,956700
148.8,2024061400,956700
