运动手套,崭新出厂,★,755908,运动手套（★） | 潘多拉之盒,8,466666.16,433499.98,0.93,2024-06-17
运动手套,崭新出厂,★,757533,运动手套（★） | 树篱迷宫,16,224999.5,224400.03,1.0,2024-06-17
运动手套,崭新出厂,★,756118,运动手套（★） | 迈阿密风云,63,126665.5,122400.01,0.97,2024-06-17
运动手套,崭新出厂,★,756371,运动手套（★） | 超导体,12,97999.5,91830.61,0.94,2024-06-17
运动手套,略有磨损,★,44999,运动手套（★） | 潘多拉之盒,217,74444.5,75977.78,1.02,2024-06-17
运动手套,略有磨损,★,43256,运动手套（★） | 树篱迷宫,147,58099,58139.97,1.0,2024-06-17
运动手套,崭新出厂,★,837536,运动手套（★） | 弹弓,44,46999.5,47940.01,1.02,2024-06-17
运动手套,久经沙场,★,43259,运动手套（★） | 潘多拉之盒,513,35499.5,36210.01,1.02,2024-06-17
运动手套,崭新出厂,★,757697,运动手套（★） | 双栖,45,34887.5,34475.97,0.99,2024-06-17
运动手套,崭新出厂,★,43250,运动手套（★） | 干旱,6,34098.5,34780.96,1.02,2024-06-17
运动手套,略有磨损,★,43263,运动手套（★） | 超导体,185,32394.5,32946.01,1.02,2024-06-17
运动手套,破损不堪,★,43260,运动手套（★） | 潘多拉之盒,37,28599.5,29171.99,1.02,2024-06-17
运动手套,略有磨损,★,162629,运动手套（★） | 迈阿密风云,938,27049.5,27591.02,1.02,2024-06-17
运动手套,久经沙场,★,43255,运动手套（★） | 树篱迷宫,407,25185.49,25701.94,1.02,2024-06-17
运动手套,崭新出厂,★,757532,运动手套（★） | 欧米伽,28,23999,21083.39,0.88,2024-06-17
运动手套,破损不堪,★,43257,运动手套（★） | 树篱迷宫,37,18229.5,18594.63,1.02,2024-06-17
运动手套,略有磨损,★,835686,运动手套（★） | 弹弓,375,16599.5,16931.98,1.02,2024-06-17
运动手套,久经沙场,★,43262,运动手套（★） | 超导体,385,15999.5,16320.04,1.02,2024-06-17
运动手套,崭新出厂,★,837514,运动手套（★） | 夜行衣,23,15897.5,16105.8,1.01,2024-06-17
运动手套,战痕累累,★,43258,运动手套（★） | 潘多拉之盒,36,15648.5,15962.01,1.02,2024-06-17
运动手套,破损不堪,★,43264,运动手套（★） | 超导体,42,11799.5,12036.0,1.02,2024-06-17
运动手套,略有磨损,★,45440,运动手套（★） | 双栖,408,10534.86,10709.97,1.02,2024-06-17
运动手套,战痕累累,★,43254,运动手套（★） | 树篱迷宫,32,10499.5,10353.03,0.99,2024-06-17
运动手套,崭新出厂,★,837430,运动手套（★） | 猩红头巾,20,9787.5,8976.0,0.92,2024-06-17
运动手套,略有磨损,★,43252,运动手套（★） | 干旱,93,7999.5,8185.01,1.02,2024-06-17
运动手套,久经沙场,★,45582,运动手套（★） | 迈阿密风云,1669,7944.5,8057.98,1.01,2024-06-17
运动手套,崭新出厂,★,837367,运动手套（★） | 大型猎物,28,7751.5,7344.03,0.95,2024-06-17
运动手套,略有磨损,★,45571,运动手套（★） | 欧米伽,337,7399.5,7527.58,1.02,2024-06-17
运动手套,战痕累累,★,43261,运动手套（★） | 超导体,59,6559.5,6691.17,1.02,2024-06-17
运动手套,破损不堪,★,507467,运动手套（★） | 迈阿密风云,119,5989,8705.76,1.45,2024-06-17
运动手套,久经沙场,★,835867,运动手套（★） | 弹弓,887,5329.5,7663.39,1.44,2024-06-17
运动手套,崭新出厂,★,767923,运动手套（★） | 青铜形态,22,5199.5,10374.36,2.0,2024-06-17
运动手套,久经沙场,★,45451,运动手套（★） | 双栖,820,4845.5,7049.63,1.45,2024-06-17
运动手套,略有磨损,★,836080,运动手套（★） | 夜行衣,234,4579.5,7488.19,1.64,2024-06-17
运动手套,战痕累累,★,755612,运动手套（★） | 迈阿密风云,153,3847.5,5740.51,1.49,2024-06-17
运动手套,破损不堪,★,422857,运动手套（★） | 双栖,88,3819,6393.8,1.67,2024-06-17
运动手套,破损不堪,★,836055,运动手套（★） | 弹弓,93,3799.99,6187.18,1.63,2024-06-17
运动手套,久经沙场,★,43251,运动手套（★） | 干旱,220,3598.5,5573.36,1.55,2024-06-17
运动手套,略有磨损,★,836069,运动手套（★） | 猩红头巾,172,3499.5,5139.66,1.47,2024-06-17
运动手套,久经沙场,★,45509,运动手套（★） | 欧米伽,844,2949,4353.17,1.48,2024-06-17
运动手套,久经沙场,★,835873,运动手套（★） | 夜行衣,388,2825.5,3831.62,1.36,2024-06-17
运动手套,战痕累累,★,45597,运动手套（★） | 双栖,108,2749,4171.51,1.52,2024-06-17
运动手套,破损不堪,★,43253,运动手套（★） | 干旱,25,2642,5010.16,1.9,2024-06-17
运动手套,破损不堪,★,836091,运动手套（★） | 夜行衣,48,2396.5,4084.52,1.7,2024-06-17
运动手套,略有磨损,★,836026,运动手套（★） | 大型猎物,271,2379.5,3464.82,1.46,2024-06-17
运动手套,破损不堪,★,755679,运动手套（★） | 欧米伽,101,2129,3154.6,1.48,2024-06-17
运动手套,久经沙场,★,835883,运动手套（★） | 猩红头巾,368,1997,3010.74,1.51,2024-06-17
运动手套,战痕累累,★,836093,运动手套（★） | 弹弓,107,1948.5,3047.02,1.56,2024-06-17
运动手套,战痕累累,★,835948,运动手套（★） | 夜行衣,62,1852.5,2604.47,1.41,2024-06-17
运动手套,破损不堪,★,836040,运动手套（★） | 猩红头巾,27,1649.5,2753.41,1.67,2024-06-17
运动手套,战痕累累,★,43249,运动手套（★） | 干旱,28,1599.5,2539.18,1.59,2024-06-17
运动手套,战痕累累,★,45497,运动手套（★） | 欧米伽,181,1569.5,2168.68,1.38,2024-06-17
运动手套,久经沙场,★,835938,运动手套（★） | 大型猎物,956,1509.5,2182.53,1.45,2024-06-17
运动手套,略有磨损,★,45603,运动手套（★） | 青铜形态,218,1459.5,2165.56,1.48,2024-06-17
运动手套,战痕累累,★,836028,运动手套（★） | 猩红头巾,47,1298.5,1923.9,1.48,2024-06-17
运动手套,破损不堪,★,836042,运动手套（★） | 大型猎物,126,1279,1775.98,1.39,2024-06-17
运动手套,战痕累累,★,835898,运动手套（★） | 大型猎物,169,1048.5,1515.6,1.45,2024-06-17
运动手套,久经沙场,★,45441,运动手套（★） | 青铜形态,580,869.5,1218.73,1.4,2024-06-17
运动手套,破损不堪,★,45570,运动手套（★） | 青铜形态,62,806.5,1198.64,1.49,2024-06-17
运动手套,战痕累累,★,45413,运动手套（★） | 青铜形态,92,716.99,1083.79,1.51,2024-06-17
运动手套,崭新出厂,★,755908,运动手套（★） | 潘多拉之盒,8,466666.16,433499.98,0.93,2024-06-17
运动手套,崭新出厂,★,757533,运动手套（★） | 树篱迷宫,16,224999.5,224400.03,1.0,2024-06-17
运动手套,崭新出厂,★,756118,运动手套（★） | 迈阿密风云,63,126665.5,122400.01,0.97,2024-06-17
运动手套,崭新出厂,★,756371,运动手套（★） | 超导体,12,97999.5,91830.61,0.94,2024-06-17
运动手套,略有磨损,★,44999,运动手套（★） | 潘多拉之盒,217,74444.5,75977.78,1.02,2024-06-17
运动手套,略有磨损,★,43256,运动手套（★） | 树篱迷宫,147,58099,58139.97,1.0,2024-06-17
运动手套,崭新出厂,★,837536,运动手套（★） | 弹弓,44,46999.5,47940.01,1.02,2024-06-17
运动手套,久经沙场,★,43259,运动手套（★） | 潘多拉之盒,513,35499.5,36210.01,1.02,2024-06-17
运动手套,崭新出厂,★,757697,运动手套（★） | 双栖,45,34887.5,34475.97,0.99,2024-06-17
运动手套,崭新出厂,★,43250,运动手套（★） | 干旱,6,34098.5,34780.96,1.02,2024-06-17
运动手套,略有磨损,★,43263,运动手套（★） | 超导体,185,32394.5,33042.93,1.02,2024-06-17
运动手套,破损不堪,★,43260,运动手套（★） | 潘多拉之盒,37,28599.5,29171.99,1.02,2024-06-17
运动手套,略有磨损,★,162629,运动手套（★） | 迈阿密风云,938,27049.5,27591.02,1.02,2024-06-17
运动手套,久经沙场,★,43255,运动手套（★） | 树篱迷宫,407,25185.49,25701.94,1.02,2024-06-17
运动手套,崭新出厂,★,757532,运动手套（★） | 欧米伽,28,23999,21083.39,0.88,2024-06-17
运动手套,破损不堪,★,43257,运动手套（★） | 树篱迷宫,37,18229.5,18594.63,1.02,2024-06-17
运动手套,略有磨损,★,835686,运动手套（★） | 弹弓,375,16599.5,16931.98,1.02,2024-06-17
运动手套,久经沙场,★,43262,运动手套（★） | 超导体,385,15999.5,16320.04,1.02,2024-06-17
运动手套,崭新出厂,★,837514,运动手套（★） | 夜行衣,23,15897.5,16105.8,1.01,2024-06-17
运动手套,战痕累累,★,43258,运动手套（★） | 潘多拉之盒,36,15648.5,15962.01,1.02,2024-06-17
运动手套,破损不堪,★,43264,运动手套（★） | 超导体,42,11799.5,12036.0,1.02,2024-06-17
运动手套,略有磨损,★,45440,运动手套（★） | 双栖,408,10534.86,10709.97,1.02,2024-06-17
运动手套,战痕累累,★,43254,运动手套（★） | 树篱迷宫,32,10499.5,10353.03,0.99,2024-06-17
运动手套,崭新出厂,★,837430,运动手套（★） | 猩红头巾,20,9787.5,8976.0,0.92,2024-06-17
运动手套,略有磨损,★,43252,运动手套（★） | 干旱,93,7999.5,8159.98,1.02,2024-06-17
运动手套,久经沙场,★,45582,运动手套（★） | 迈阿密风云,1669,7944.5,8057.98,1.01,2024-06-17
运动手套,崭新出厂,★,837367,运动手套（★） | 大型猎物,28,7751.5,7344.03,0.95,2024-06-17
运动手套,略有磨损,★,45571,运动手套（★） | 欧米伽,337,7399.5,7527.58,1.02,2024-06-17
运动手套,战痕累累,★,43261,运动手套（★） | 超导体,59,6559.5,6691.17,1.02,2024-06-17
运动手套,破损不堪,★,507467,运动手套（★） | 迈阿密风云,119,5989,8705.76,1.45,2024-06-17
运动手套,久经沙场,★,835867,运动手套（★） | 弹弓,887,5329.5,7663.39,1.44,2024-06-17
运动手套,崭新出厂,★,767923,运动手套（★） | 青铜形态,22,5199.5,10374.36,2.0,2024-06-17
运动手套,久经沙场,★,45451,运动手套（★） | 双栖,820,4845.5,7049.63,1.45,2024-06-17
运动手套,略有磨损,★,836080,运动手套（★） | 夜行衣,234,4579.5,7488.19,1.64,2024-06-17
运动手套,战痕累累,★,755612,运动手套（★） | 迈阿密风云,153,3847.5,5740.51,1.49,2024-06-17
运动手套,破损不堪,★,422857,运动手套（★） | 双栖,88,3819,6393.8,1.67,2024-06-17
运动手套,破损不堪,★,836055,运动手套（★） | 弹弓,93,3799.99,6187.18,1.63,2024-06-17
运动手套,久经沙场,★,43251,运动手套（★） | 干旱,220,3598.5,5573.36,1.55,2024-06-17
运动手套,略有磨损,★,836069,运动手套（★） | 猩红头巾,172,3499.5,5139.66,1.47,2024-06-17
运动手套,久经沙场,★,45509,运动手套（★） | 欧米伽,844,2949,4353.17,1.48,2024-06-17
运动手套,久经沙场,★,835873,运动手套（★） | 夜行衣,388,2825.5,3831.62,1.36,2024-06-17
运动手套,战痕累累,★,45597,运动手套（★） | 双栖,108,2749,4171.51,1.52,2024-06-17
运动手套,破损不堪,★,43253,运动手套（★） | 干旱,25,2642,5010.16,1.9,2024-06-17
运动手套,破损不堪,★,836091,运动手套（★） | 夜行衣,48,2396.5,4084.52,1.7,2024-06-17
运动手套,略有磨损,★,836026,运动手套（★） | 大型猎物,271,2379.5,3464.82,1.46,2024-06-17
运动手套,破损不堪,★,755679,运动手套（★） | 欧米伽,101,2129,3154.6,1.48,2024-06-17
运动手套,久经沙场,★,835883,运动手套（★） | 猩红头巾,368,1997,3010.74,1.51,2024-06-17
运动手套,战痕累累,★,836093,运动手套（★） | 弹弓,107,1948.5,3047.02,1.56,2024-06-17
运动手套,战痕累累,★,835948,运动手套（★） | 夜行衣,62,1852.5,2604.47,1.41,2024-06-17
运动手套,破损不堪,★,836040,运动手套（★） | 猩红头巾,27,1649.5,2753.41,1.67,2024-06-17
运动手套,战痕累累,★,43249,运动手套（★） | 干旱,28,1599.5,2539.18,1.59,2024-06-17
运动手套,战痕累累,★,45497,运动手套（★） | 欧米伽,181,1569.5,2168.68,1.38,2024-06-17
运动手套,久经沙场,★,835938,运动手套（★） | 大型猎物,956,1509.5,2182.53,1.45,2024-06-17
运动手套,略有磨损,★,45603,运动手套（★） | 青铜形态,218,1459.5,2165.56,1.48,2024-06-17
运动手套,战痕累累,★,836028,运动手套（★） | 猩红头巾,47,1298.5,1923.9,1.48,2024-06-17
运动手套,破损不堪,★,836042,运动手套（★） | 大型猎物,126,1279,1775.98,1.39,2024-06-17
运动手套,战痕累累,★,835898,运动手套（★） | 大型猎物,169,1048.5,1515.6,1.45,2024-06-17
运动手套,久经沙场,★,45441,运动手套（★） | 青铜形态,580,869.5,1218.73,1.4,2024-06-17
运动手套,破损不堪,★,45570,运动手套（★） | 青铜形态,62,806.5,1198.64,1.49,2024-06-17
运动手套,战痕累累,★,45413,运动手套（★） | 青铜形态,92,716.99,1083.79,1.51,2024-06-17
运动手套,崭新出厂,★,755908,运动手套（★） | 潘多拉之盒,8,466666.16,433499.98,0.93,2024-06-17
运动手套,崭新出厂,★,757533,运动手套（★） | 树篱迷宫,16,224999.5,224400.03,1.0,2024-06-17
运动手套,崭新出厂,★,756118,运动手套（★） | 迈阿密风云,63,126665.5,122400.01,0.97,2024-06-17
运动手套,崭新出厂,★,756371,运动手套（★） | 超导体,12,97999.5,91830.61,0.94,2024-06-17
运动手套,略有磨损,★,44999,运动手套（★） | 潘多拉之盒,217,74444.5,75977.78,1.02,2024-06-17
运动手套,略有磨损,★,43256,运动手套（★） | 树篱迷宫,147,58099,59045.73,1.02,2024-06-17
运动手套,崭新出厂,★,837536,运动手套（★） | 弹弓,44,46999.5,47940.01,1.02,2024-06-17
运动手套,久经沙场,★,43259,运动手套（★） | 潘多拉之盒,513,35499.5,36210.01,1.02,2024-06-17
运动手套,崭新出厂,★,757697,运动手套（★） | 双栖,45,34887.5,34475.97,0.99,2024-06-17
运动手套,崭新出厂,★,43250,运动手套（★） | 干旱,6,34098.5,34780.96,1.02,2024-06-17
运动手套,略有磨损,★,43263,运动手套（★） | 超导体,185,32394.5,32946.01,1.02,2024-06-17
运动手套,破损不堪,★,43260,运动手套（★） | 潘多拉之盒,37,28599.5,29171.99,1.02,2024-06-17
运动手套,略有磨损,★,162629,运动手套（★） | 迈阿密风云,938,27049.5,27591.02,1.02,2024-06-17
运动手套,久经沙场,★,43255,运动手套（★） | 树篱迷宫,407,25185.49,25701.94,1.02,2024-06-17
运动手套,崭新出厂,★,757532,运动手套（★） | 欧米伽,28,23999,21083.39,0.88,2024-06-17
运动手套,破损不堪,★,43257,运动手套（★） | 树篱迷宫,37,18229.5,18594.63,1.02,2024-06-17
运动手套,略有磨损,★,835686,运动手套（★） | 弹弓,375,16599.5,16931.98,1.02,2024-06-17
运动手套,久经沙场,★,43262,运动手套（★） | 超导体,385,15999.5,16320.04,1.02,2024-06-17
运动手套,崭新出厂,★,837514,运动手套（★） | 夜行衣,23,15897.5,16105.8,1.01,2024-06-17
运动手套,战痕累累,★,43258,运动手套（★） | 潘多拉之盒,36,15648.5,15962.01,1.02,2024-06-17
运动手套,破损不堪,★,43264,运动手套（★） | 超导体,42,11799.5,12036.0,1.02,2024-06-17
运动手套,略有磨损,★,45440,运动手套（★） | 双栖,408,10534.86,10709.97,1.02,2024-06-17
运动手套,战痕累累,★,43254,运动手套（★） | 树篱迷宫,32,10499.5,10353.03,0.99,2024-06-17
运动手套,崭新出厂,★,837430,运动手套（★） | 猩红头巾,20,9787.5,8976.0,0.92,2024-06-17
运动手套,略有磨损,★,43252,运动手套（★） | 干旱,93,7999.5,8185.01,1.02,2024-06-17
运动手套,久经沙场,★,45582,运动手套（★） | 迈阿密风云,1669,7944.5,8057.98,1.01,2024-06-17
运动手套,崭新出厂,★,837367,运动手套（★） | 大型猎物,28,7751.5,7344.03,0.95,2024-06-17
运动手套,略有磨损,★,45571,运动手套（★） | 欧米伽,337,7399.5,7527.58,1.02,2024-06-17
运动手套,战痕累累,★,43261,运动手套（★） | 超导体,59,6559.5,6691.17,1.02,2024-06-17
运动手套,破损不堪,★,507467,运动手套（★） | 迈阿密风云,119,5989,8705.76,1.45,2024-06-17
运动手套,久经沙场,★,835867,运动手套（★） | 弹弓,887,5329.5,7663.39,1.44,2024-06-17
运动手套,崭新出厂,★,767923,运动手套（★） | 青铜形态,22,5199.5,10374.36,2.0,2024-06-17
运动手套,久经沙场,★,45451,运动手套（★） | 双栖,820,4845.5,7049.63,1.45,2024-06-17
运动手套,略有磨损,★,836080,运动手套（★） | 夜行衣,234,4579.5,7488.19,1.64,2024-06-17
运动手套,战痕累累,★,755612,运动手套（★） | 迈阿密风云,153,3847.5,5740.51,1.49,2024-06-17
运动手套,破损不堪,★,422857,运动手套（★） | 双栖,88,3819,6393.8,1.67,2024-06-17
运动手套,破损不堪,★,836055,运动手套（★） | 弹弓,93,3799.99,6187.18,1.63,2024-06-17
运动手套,久经沙场,★,43251,运动手套（★） | 干旱,220,3598.5,5573.36,1.55,2024-06-17
运动手套,略有磨损,★,836069,运动手套（★） | 猩红头巾,172,3499.5,5139.66,1.47,2024-06-17
运动手套,久经沙场,★,45509,运动手套（★） | 欧米伽,844,2949,4353.17,1.48,2024-06-17
运动手套,久经沙场,★,835873,运动手套（★） | 夜行衣,388,2825.5,3831.62,1.36,2024-06-17
运动手套,战痕累累,★,45597,运动手套（★） | 双栖,108,2749,4171.51,1.52,2024-06-17
运动手套,破损不堪,★,43253,运动手套（★） | 干旱,25,2642,5010.16,1.9,2024-06-17
运动手套,破损不堪,★,836091,运动手套（★） | 夜行衣,48,2396.5,4084.52,1.7,2024-06-17
运动手套,略有磨损,★,836026,运动手套（★） | 大型猎物,271,2379.5,3464.82,1.46,2024-06-17
运动手套,破损不堪,★,755679,运动手套（★） | 欧米伽,101,2129,3154.6,1.48,2024-06-17
运动手套,久经沙场,★,835883,运动手套（★） | 猩红头巾,368,1997,3010.74,1.51,2024-06-17
运动手套,战痕累累,★,836093,运动手套（★） | 弹弓,107,1948.5,3047.02,1.56,2024-06-17
运动手套,战痕累累,★,835948,运动手套（★） | 夜行衣,62,1852.5,2604.47,1.41,2024-06-17
运动手套,破损不堪,★,836040,运动手套（★） | 猩红头巾,27,1649.5,2753.41,1.67,2024-06-17
运动手套,战痕累累,★,43249,运动手套（★） | 干旱,28,1599.5,2539.18,1.59,2024-06-17
运动手套,战痕累累,★,45497,运动手套（★） | 欧米伽,181,1569.5,2168.68,1.38,2024-06-17
运动手套,久经沙场,★,835938,运动手套（★） | 大型猎物,956,1509.5,2182.53,1.45,2024-06-17
运动手套,略有磨损,★,45603,运动手套（★） | 青铜形态,218,1459.5,2165.56,1.48,2024-06-17
运动手套,战痕累累,★,836028,运动手套（★） | 猩红头巾,47,1298.5,1923.9,1.48,2024-06-17
运动手套,破损不堪,★,836042,运动手套（★） | 大型猎物,126,1279,1775.98,1.39,2024-06-17
运动手套,战痕累累,★,835898,运动手套（★） | 大型猎物,169,1048.5,1515.6,1.45,2024-06-17
运动手套,久经沙场,★,45441,运动手套（★） | 青铜形态,580,869.5,1218.73,1.4,2024-06-17
运动手套,破损不堪,★,45570,运动手套（★） | 青铜形态,62,806.5,1198.64,1.49,2024-06-17
运动手套,战痕累累,★,45413,运动手套（★） | 青铜形态,92,716.99,1083.79,1.51,2024-06-17
运动手套,崭新出厂,★,755908,运动手套（★） | 潘多拉之盒,8,466666.16,433499.98,0.93,2024-06-17
运动手套,崭新出厂,★,757533,运动手套（★） | 树篱迷宫,16,224999.5,224400.03,1.0,2024-06-17
运动手套,崭新出厂,★,756118,运动手套（★） | 迈阿密风云,63,126665.5,122400.01,0.97,2024-06-17
运动手套,崭新出厂,★,756371,运动手套（★） | 超导体,12,97999.5,91830.61,0.94,2024-06-17
运动手套,略有磨损,★,44999,运动手套（★） | 潘多拉之盒,217,74444.5,75977.78,1.02,2024-06-17
运动手套,略有磨损,★,43256,运动手套（★） | 树篱迷宫,147,58099,59045.73,1.02,2024-06-17
运动手套,崭新出厂,★,837536,运动手套（★） | 弹弓,44,46999.5,47940.01,1.02,2024-06-17
运动手套,久经沙场,★,43259,运动手套（★） | 潘多拉之盒,513,35499.5,36210.01,1.02,2024-06-17
运动手套,崭新出厂,★,757697,运动手套（★） | 双栖,45,34887.5,34475.97,0.99,2024-06-17
运动手套,崭新出厂,★,43250,运动手套（★） | 干旱,6,34098.5,34780.96,1.02,2024-06-17
运动手套,略有磨损,★,43263,运动手套（★） | 超导体,185,32394.5,32946.01,1.02,2024-06-17
运动手套,破损不堪,★,43260,运动手套（★） | 潘多拉之盒,37,28599.5,29171.99,1.02,2024-06-17
运动手套,略有磨损,★,162629,运动手套（★） | 迈阿密风云,938,27049.5,27591.02,1.02,2024-06-17
运动手套,久经沙场,★,43255,运动手套（★） | 树篱迷宫,407,25185.49,25701.94,1.02,2024-06-17
运动手套,崭新出厂,★,757532,运动手套（★） | 欧米伽,28,23999,21083.39,0.88,2024-06-17
运动手套,破损不堪,★,43257,运动手套（★） | 树篱迷宫,37,18229.5,18594.63,1.02,2024-06-17
运动手套,略有磨损,★,835686,运动手套（★） | 弹弓,375,16599.5,16931.98,1.02,2024-06-17
运动手套,久经沙场,★,43262,运动手套（★） | 超导体,385,15999.5,16320.04,1.02,2024-06-17
运动手套,崭新出厂,★,837514,运动手套（★） | 夜行衣,23,15897.5,16105.8,1.01,2024-06-17
运动手套,战痕累累,★,43258,运动手套（★） | 潘多拉之盒,36,15648.5,15962.01,1.02,2024-06-17
运动手套,破损不堪,★,43264,运动手套（★） | 超导体,42,11799.5,12036.0,1.02,2024-06-17
运动手套,略有磨损,★,45440,运动手套（★） | 双栖,408,10534.86,10709.97,1.02,2024-06-17
运动手套,战痕累累,★,43254,运动手套（★） | 树篱迷宫,32,10499.5,10353.03,0.99,2024-06-17
运动手套,崭新出厂,★,837430,运动手套（★） | 猩红头巾,20,9787.5,8976.0,0.92,2024-06-17
运动手套,略有磨损,★,43252,运动手套（★） | 干旱,93,7999.5,8185.01,1.02,2024-06-17
运动手套,久经沙场,★,45582,运动手套（★） | 迈阿密风云,1669,7944.5,8057.98,1.01,2024-06-17
运动手套,崭新出厂,★,837367,运动手套（★） | 大型猎物,28,7751.5,7344.03,0.95,2024-06-17
运动手套,略有磨损,★,45571,运动手套（★） | 欧米伽,337,7399.5,7527.58,1.02,2024-06-17
运动手套,战痕累累,★,43261,运动手套（★） | 超导体,59,6559.5,6691.17,1.02,2024-06-17
运动手套,破损不堪,★,507467,运动手套（★） | 迈阿密风云,119,5989,8705.76,1.45,2024-06-17
运动手套,久经沙场,★,835867,运动手套（★） | 弹弓,887,5329.5,7663.39,1.44,2024-06-17
运动手套,崭新出厂,★,767923,运动手套（★） | 青铜形态,22,5199.5,10374.36,2.0,2024-06-17
运动手套,久经沙场,★,45451,运动手套（★） | 双栖,820,4845.5,7049.63,1.45,2024-06-17
运动手套,略有磨损,★,836080,运动手套（★） | 夜行衣,234,4579.5,7488.19,1.64,2024-06-17
运动手套,战痕累累,★,755612,运动手套（★） | 迈阿密风云,153,3847.5,5740.51,1.49,2024-06-17
运动手套,破损不堪,★,422857,运动手套（★） | 双栖,88,3819,6393.8,1.67,2024-06-17
运动手套,破损不堪,★,836055,运动手套（★） | 弹弓,93,3799.99,6187.18,1.63,2024-06-17
运动手套,久经沙场,★,43251,运动手套（★） | 干旱,220,3598.5,5573.36,1.55,2024-06-17
运动手套,略有磨损,★,836069,运动手套（★） | 猩红头巾,172,3499.5,5139.66,1.47,2024-06-17
运动手套,久经沙场,★,45509,运动手套（★） | 欧米伽,844,2949,4353.17,1.48,2024-06-17
运动手套,久经沙场,★,835873,运动手套（★） | 夜行衣,388,2825.5,3831.62,1.36,2024-06-17
运动手套,战痕累累,★,45597,运动手套（★） | 双栖,108,2749,4171.51,1.52,2024-06-17
运动手套,破损不堪,★,43253,运动手套（★） | 干旱,25,2642,5010.16,1.9,2024-06-17
运动手套,破损不堪,★,836091,运动手套（★） | 夜行衣,48,2396.5,4084.52,1.7,2024-06-17
运动手套,略有磨损,★,836026,运动手套（★） | 大型猎物,271,2379.5,3464.82,1.46,2024-06-17
运动手套,破损不堪,★,755679,运动手套（★） | 欧米伽,101,2129,3154.6,1.48,2024-06-17
运动手套,久经沙场,★,835883,运动手套（★） | 猩红头巾,368,1997,3010.74,1.51,2024-06-17
运动手套,战痕累累,★,836093,运动手套（★） | 弹弓,107,1948.5,3047.02,1.56,2024-06-17
运动手套,战痕累累,★,835948,运动手套（★） | 夜行衣,62,1852.5,2604.47,1.41,2024-06-17
运动手套,破损不堪,★,836040,运动手套（★） | 猩红头巾,27,1649.5,2753.41,1.67,2024-06-17
运动手套,战痕累累,★,43249,运动手套（★） | 干旱,28,1599.5,2539.18,1.59,2024-06-17
运动手套,战痕累累,★,45497,运动手套（★） | 欧米伽,181,1569.5,2168.68,1.38,2024-06-17
运动手套,久经沙场,★,835938,运动手套（★） | 大型猎物,956,1509.5,2182.53,1.45,2024-06-17
运动手套,略有磨损,★,45603,运动手套（★） | 青铜形态,218,1459.5,2165.56,1.48,2024-06-17
运动手套,战痕累累,★,836028,运动手套（★） | 猩红头巾,47,1298.5,1923.9,1.48,2024-06-17
运动手套,破损不堪,★,836042,运动手套（★） | 大型猎物,126,1279,1775.98,1.39,2024-06-17
运动手套,战痕累累,★,835898,运动手套（★） | 大型猎物,169,1048.5,1515.6,1.45,2024-06-17
运动手套,久经沙场,★,45441,运动手套（★） | 青铜形态,580,869.5,1218.73,1.4,2024-06-17
运动手套,破损不堪,★,45570,运动手套（★） | 青铜形态,62,806.5,1198.64,1.49,2024-06-17
运动手套,战痕累累,★,45413,运动手套（★） | 青铜形态,92,716.99,1083.79,1.51,2024-06-17
运动手套,崭新出厂,★,755908,运动手套（★） | 潘多拉之盒,8,466666.16,433499.98,0.93,2024-06-17
运动手套,崭新出厂,★,757533,运动手套（★） | 树篱迷宫,16,224999.5,224400.03,1.0,2024-06-17
运动手套,崭新出厂,★,756118,运动手套（★） | 迈阿密风云,63,126665.5,122400.01,0.97,2024-06-17
运动手套,崭新出厂,★,756371,运动手套（★） | 超导体,12,97999.5,91830.61,0.94,2024-06-17
运动手套,略有磨损,★,44999,运动手套（★） | 潘多拉之盒,217,74444.5,75933.89,1.02,2024-06-17
运动手套,略有磨损,★,43256,运动手套（★） | 树篱迷宫,147,58099,58139.97,1.0,2024-06-17
运动手套,崭新出厂,★,837536,运动手套（★） | 弹弓,44,46999.5,47940.01,1.02,2024-06-17
运动手套,久经沙场,★,43259,运动手套（★） | 潘多拉之盒,513,35499.5,36210.01,1.02,2024-06-17
运动手套,崭新出厂,★,757697,运动手套（★） | 双栖,45,34887.5,34475.97,0.99,2024-06-17
运动手套,崭新出厂,★,43250,运动手套（★） | 干旱,6,34098.5,34780.96,1.02,2024-06-17
运动手套,略有磨损,★,43263,运动手套（★） | 超导体,185,32394.5,33042.93,1.02,2024-06-17
运动手套,破损不堪,★,43260,运动手套（★） | 潘多拉之盒,37,28599.5,29171.99,1.02,2024-06-17
运动手套,略有磨损,★,162629,运动手套（★） | 迈阿密风云,938,27049.5,27591.02,1.02,2024-06-17
运动手套,久经沙场,★,43255,运动手套（★） | 树篱迷宫,407,25185.49,25689.68,1.02,2024-06-17
运动手套,崭新出厂,★,757532,运动手套（★） | 欧米伽,28,23999,21083.39,0.88,2024-06-17
运动手套,破损不堪,★,43257,运动手套（★） | 树篱迷宫,37,18229.5,18594.63,1.02,2024-06-17
运动手套,略有磨损,★,835686,运动手套（★） | 弹弓,375,16599.5,16931.98,1.02,2024-06-17
运动手套,久经沙场,★,43262,运动手套（★） | 超导体,385,15999.5,16320.04,1.02,2024-06-17
运动手套,崭新出厂,★,837514,运动手套（★） | 夜行衣,23,15897.5,16105.8,1.01,2024-06-17
运动手套,战痕累累,★,43258,运动手套（★） | 潘多拉之盒,36,15648.5,15962.01,1.02,2024-06-17
运动手套,破损不堪,★,43264,运动手套（★） | 超导体,42,11799.5,12036.0,1.02,2024-06-17
运动手套,略有磨损,★,45440,运动手套（★） | 双栖,408,10534.86,10709.97,1.02,2024-06-17
运动手套,战痕累累,★,43254,运动手套（★） | 树篱迷宫,32,10499.5,10353.03,0.99,2024-06-17
运动手套,崭新出厂,★,837430,运动手套（★） | 猩红头巾,20,9787.5,8976.0,0.92,2024-06-17
运动手套,略有磨损,★,43252,运动手套（★） | 干旱,93,7999.5,8159.98,1.02,2024-06-17
运动手套,久经沙场,★,45582,运动手套（★） | 迈阿密风云,1669,7944.5,8103.9,1.02,2024-06-17
运动手套,崭新出厂,★,837367,运动手套（★） | 大型猎物,28,7751.5,7344.03,0.95,2024-06-17
运动手套,略有磨损,★,45571,运动手套（★） | 欧米伽,337,7399.5,7527.58,1.02,2024-06-17
运动手套,战痕累累,★,43261,运动手套（★） | 超导体,59,6559.5,6691.17,1.02,2024-06-17
运动手套,破损不堪,★,507467,运动手套（★） | 迈阿密风云,119,5989,8705.76,1.45,2024-06-17
运动手套,久经沙场,★,835867,运动手套（★） | 弹弓,887,5329.5,7663.39,1.44,2024-06-17
运动手套,崭新出厂,★,767923,运动手套（★） | 青铜形态,22,5199.5,10374.36,2.0,2024-06-17
运动手套,久经沙场,★,45451,运动手套（★） | 双栖,820,4845.5,7049.63,1.45,2024-06-17
运动手套,略有磨损,★,836080,运动手套（★） | 夜行衣,234,4579.5,7488.19,1.64,2024-06-17
运动手套,战痕累累,★,755612,运动手套（★） | 迈阿密风云,153,3847.5,5740.51,1.49,2024-06-17
运动手套,破损不堪,★,422857,运动手套（★） | 双栖,88,3819,6393.8,1.67,2024-06-17
运动手套,破损不堪,★,836055,运动手套（★） | 弹弓,93,3799.99,6187.18,1.63,2024-06-17
运动手套,久经沙场,★,43251,运动手套（★） | 干旱,220,3598.5,5573.36,1.55,2024-06-17
运动手套,略有磨损,★,836069,运动手套（★） | 猩红头巾,172,3499.5,5139.66,1.47,2024-06-17
运动手套,久经沙场,★,45509,运动手套（★） | 欧米伽,844,2949,4353.17,1.48,2024-06-17
运动手套,久经沙场,★,835873,运动手套（★） | 夜行衣,388,2825.5,3831.62,1.36,2024-06-17
运动手套,战痕累累,★,45597,运动手套（★） | 双栖,108,2749,4171.51,1.52,2024-06-17
运动手套,破损不堪,★,43253,运动手套（★） | 干旱,25,2642,5010.16,1.9,2024-06-17
运动手套,破损不堪,★,836091,运动手套（★） | 夜行衣,48,2396.5,4084.52,1.7,2024-06-17
运动手套,略有磨损,★,836026,运动手套（★） | 大型猎物,271,2379.5,3464.82,1.46,2024-06-17
运动手套,破损不堪,★,755679,运动手套（★） | 欧米伽,101,2129,3154.6,1.48,2024-06-17
运动手套,久经沙场,★,835883,运动手套（★） | 猩红头巾,368,1997,3010.74,1.51,2024-06-17
运动手套,战痕累累,★,836093,运动手套（★） | 弹弓,107,1948.5,3047.02,1.56,2024-06-17
运动手套,战痕累累,★,835948,运动手套（★） | 夜行衣,62,1852.5,2604.47,1.41,2024-06-17
运动手套,破损不堪,★,836040,运动手套（★） | 猩红头巾,27,1649.5,2753.41,1.67,2024-06-17
运动手套,战痕累累,★,43249,运动手套（★） | 干旱,28,1599.5,2539.18,1.59,2024-06-17
运动手套,战痕累累,★,45497,运动手套（★） | 欧米伽,181,1569.5,2168.68,1.38,2024-06-17
运动手套,久经沙场,★,835938,运动手套（★） | 大型猎物,956,1509.5,2182.53,1.45,2024-06-17
运动手套,略有磨损,★,45603,运动手套（★） | 青铜形态,218,1459.5,2165.56,1.48,2024-06-17
运动手套,战痕累累,★,836028,运动手套（★） | 猩红头巾,47,1298.5,1923.9,1.48,2024-06-17
运动手套,破损不堪,★,836042,运动手套（★） | 大型猎物,126,1279,1775.98,1.39,2024-06-17
运动手套,战痕累累,★,835898,运动手套（★） | 大型猎物,169,1048.5,1515.6,1.45,2024-06-17
运动手套,久经沙场,★,45441,运动手套（★） | 青铜形态,580,869.5,1218.73,1.4,2024-06-17
运动手套,破损不堪,★,45570,运动手套（★） | 青铜形态,62,806.5,1198.64,1.49,2024-06-17
运动手套,战痕累累,★,45413,运动手套（★） | 青铜形态,92,716.99,1083.79,1.51,2024-06-17
运动手套,崭新出厂,★,755908,运动手套（★） | 潘多拉之盒,8,466666.16,433499.98,0.93,2024-06-17
运动手套,崭新出厂,★,757533,运动手套（★） | 树篱迷宫,16,224999.5,224400.03,1.0,2024-06-17
运动手套,崭新出厂,★,756118,运动手套（★） | 迈阿密风云,63,126665.5,122400.01,0.97,2024-06-17
运动手套,崭新出厂,★,756371,运动手套（★） | 超导体,12,97999.5,91830.61,0.94,2024-06-17
运动手套,略有磨损,★,44999,运动手套（★） | 潘多拉之盒,217,74444.5,75977.78,1.02,2024-06-17
运动手套,略有磨损,★,43256,运动手套（★） | 树篱迷宫,147,58099,59045.73,1.02,2024-06-17
运动手套,崭新出厂,★,837536,运动手套（★） | 弹弓,44,46999.5,47940.01,1.02,2024-06-17
运动手套,久经沙场,★,43259,运动手套（★） | 潘多拉之盒,513,35499.5,36210.01,1.02,2024-06-17
运动手套,崭新出厂,★,757697,运动手套（★） | 双栖,45,34887.5,34475.97,0.99,2024-06-17
运动手套,崭新出厂,★,43250,运动手套（★） | 干旱,6,34098.5,34780.96,1.02,2024-06-17
运动手套,略有磨损,★,43263,运动手套（★） | 超导体,185,32394.5,33042.93,1.02,2024-06-17
运动手套,破损不堪,★,43260,运动手套（★） | 潘多拉之盒,37,28599.5,29171.99,1.02,2024-06-17
运动手套,略有磨损,★,162629,运动手套（★） | 迈阿密风云,938,27049.5,27591.02,1.02,2024-06-17
运动手套,久经沙场,★,43255,运动手套（★） | 树篱迷宫,407,25185.49,25689.68,1.02,2024-06-17
运动手套,崭新出厂,★,757532,运动手套（★） | 欧米伽,28,23999,21083.39,0.88,2024-06-17
运动手套,破损不堪,★,43257,运动手套（★） | 树篱迷宫,37,18229.5,18594.63,1.02,2024-06-17
运动手套,略有磨损,★,835686,运动手套（★） | 弹弓,375,16599.5,16931.98,1.02,2024-06-17
运动手套,久经沙场,★,43262,运动手套（★） | 超导体,385,15999.5,16320.04,1.02,2024-06-17
运动手套,崭新出厂,★,837514,运动手套（★） | 夜行衣,23,15897.5,16105.8,1.01,2024-06-17
运动手套,战痕累累,★,43258,运动手套（★） | 潘多拉之盒,36,15648.5,15962.01,1.02,2024-06-17
运动手套,破损不堪,★,43264,运动手套（★） | 超导体,42,11799.5,12036.0,1.02,2024-06-17
运动手套,略有磨损,★,45440,运动手套（★） | 双栖,408,10534.86,10709.97,1.02,2024-06-17
运动手套,战痕累累,★,43254,运动手套（★） | 树篱迷宫,32,10499.5,10353.03,0.99,2024-06-17
运动手套,崭新出厂,★,837430,运动手套（★） | 猩红头巾,20,9787.5,8976.0,0.92,2024-06-17
运动手套,略有磨损,★,43252,运动手套（★） | 干旱,93,7999.5,8159.98,1.02,2024-06-17
运动手套,久经沙场,★,45582,运动手套（★） | 迈阿密风云,1669,7944.5,8057.98,1.01,2024-06-17
运动手套,崭新出厂,★,837367,运动手套（★） | 大型猎物,28,7751.5,7344.03,0.95,2024-06-17
运动手套,略有磨损,★,45571,运动手套（★） | 欧米伽,337,7399.5,7527.58,1.02,2024-06-17
运动手套,战痕累累,★,43261,运动手套（★） | 超导体,59,6559.5,6691.17,1.02,2024-06-17
运动手套,破损不堪,★,507467,运动手套（★） | 迈阿密风云,119,5989,8705.76,1.45,2024-06-17
运动手套,久经沙场,★,835867,运动手套（★） | 弹弓,887,5329.5,7663.39,1.44,2024-06-17
运动手套,崭新出厂,★,767923,运动手套（★） | 青铜形态,22,5199.5,10374.36,2.0,2024-06-17
运动手套,久经沙场,★,45451,运动手套（★） | 双栖,820,4845.5,7049.63,1.45,2024-06-17
运动手套,略有磨损,★,836080,运动手套（★） | 夜行衣,234,4579.5,7488.19,1.64,2024-06-17
运动手套,战痕累累,★,755612,运动手套（★） | 迈阿密风云,153,3847.5,5740.51,1.49,2024-06-17
运动手套,破损不堪,★,422857,运动手套（★） | 双栖,88,3819,6393.8,1.67,2024-06-17
运动手套,破损不堪,★,836055,运动手套（★） | 弹弓,93,3799.99,6187.18,1.63,2024-06-17
运动手套,久经沙场,★,43251,运动手套（★） | 干旱,220,3598.5,5573.36,1.55,2024-06-17
运动手套,略有磨损,★,836069,运动手套（★） | 猩红头巾,172,3499.5,5139.66,1.47,2024-06-17
运动手套,久经沙场,★,45509,运动手套（★） | 欧米伽,844,2949,4353.17,1.48,2024-06-17
运动手套,久经沙场,★,835873,运动手套（★） | 夜行衣,388,2825.5,3831.62,1.36,2024-06-17
运动手套,战痕累累,★,45597,运动手套（★） | 双栖,108,2749,4171.51,1.52,2024-06-17
运动手套,破损不堪,★,43253,运动手套（★） | 干旱,25,2642,5010.16,1.9,2024-06-17
运动手套,破损不堪,★,836091,运动手套（★） | 夜行衣,48,2396.5,4084.52,1.7,2024-06-17
运动手套,略有磨损,★,836026,运动手套（★） | 大型猎物,271,2379.5,3464.82,1.46,2024-06-17
运动手套,破损不堪,★,755679,运动手套（★） | 欧米伽,101,2129,3154.6,1.48,2024-06-17
运动手套,久经沙场,★,835883,运动手套（★） | 猩红头巾,368,1997,3010.74,1.51,2024-06-17
运动手套,战痕累累,★,836093,运动手套（★） | 弹弓,107,1948.5,3047.02,1.56,2024-06-17
运动手套,战痕累累,★,835948,运动手套（★） | 夜行衣,62,1852.5,2604.47,1.41,2024-06-17
运动手套,破损不堪,★,836040,运动手套（★） | 猩红头巾,27,1649.5,2753.41,1.67,2024-06-17
运动手套,战痕累累,★,43249,运动手套（★） | 干旱,28,1599.5,2539.18,1.59,2024-06-17
运动手套,战痕累累,★,45497,运动手套（★） | 欧米伽,181,1569.5,2168.68,1.38,2024-06-17
运动手套,久经沙场,★,835938,运动手套（★） | 大型猎物,956,1509.5,2182.53,1.45,2024-06-17
运动手套,略有磨损,★,45603,运动手套（★） | 青铜形态,218,1459.5,2165.56,1.48,2024-06-17
运动手套,战痕累累,★,836028,运动手套（★） | 猩红头巾,47,1298.5,1923.9,1.48,2024-06-17
运动手套,破损不堪,★,836042,运动手套（★） | 大型猎物,126,1279,1775.98,1.39,2024-06-17
运动手套,战痕累累,★,835898,运动手套（★） | 大型猎物,169,1048.5,1515.6,1.45,2024-06-17
运动手套,久经沙场,★,45441,运动手套（★） | 青铜形态,580,869.5,1218.73,1.4,2024-06-17
运动手套,破损不堪,★,45570,运动手套（★） | 青铜形态,62,806.5,1198.64,1.49,2024-06-17
运动手套,战痕累累,★,45413,运动手套（★） | 青铜形态,92,716.99,1083.79,1.51,2024-06-17
运动手套,崭新出厂,★,755908,运动手套（★） | 潘多拉之盒,8,466666.16,433500.03,0.93,2024-06-20
运动手套,崭新出厂,★,757533,运动手套（★） | 树篱迷宫,16,224999.5,224399.97,1.0,2024-06-20
运动手套,崭新出厂,★,756118,运动手套（★） | 迈阿密风云,66,121665.5,116280.02,0.96,2024-06-20
运动手套,崭新出厂,★,756371,运动手套（★） | 超导体,13,97999.5,91830.57,0.94,2024-06-20
运动手套,略有磨损,★,44999,运动手套（★） | 潘多拉之盒,219,73799,75365.78,1.02,2024-06-20
运动手套,略有磨损,★,43256,运动手套（★） | 树篱迷宫,149,57887.5,58378.67,1.01,2024-06-20
运动手套,崭新出厂,★,837536,运动手套（★） | 弹弓,37,45999,45900.01,1.0,2024-06-20
运动手套,久经沙场,★,43259,运动手套（★） | 潘多拉之盒,513,35599.5,36311.97,1.02,2024-06-20
运动手套,崭新出厂,★,757697,运动手套（★） | 双栖,45,35199.5,35585.79,1.01,2024-06-20
运动手套,崭新出厂,★,43250,运动手套（★） | 干旱,8,34498.5,35188.96,1.02,2024-06-20
运动手套,略有磨损,★,43263,运动手套（★） | 超导体,190,32349.5,32997.0,1.02,2024-06-20
运动手套,破损不堪,★,43260,运动手套（★） | 潘多拉之盒,33,28399.5,27336.01,0.96,2024-06-20
运动手套,略有磨损,★,162629,运动手套（★） | 迈阿密风云,920,27124.5,27667.53,1.02,2024-06-20
运动手套,久经沙场,★,43255,运动手套（★） | 树篱迷宫,414,25048,25549.39,1.02,2024-06-20
运动手套,崭新出厂,★,757532,运动手套（★） | 欧米伽,32,23887,22950.0,0.96,2024-06-20
运动手套,破损不堪,★,43257,运动手套（★） | 树篱迷宫,30,17999.5,18359.99,1.02,2024-06-20
运动手套,略有磨损,★,835686,运动手套（★） | 弹弓,381,16579.5,16911.63,1.02,2024-06-20
运动手套,久经沙场,★,43262,运动手套（★） | 超导体,400,15849.5,16116.0,1.02,2024-06-20
运动手套,崭新出厂,★,837514,运动手套（★） | 夜行衣,22,15799.5,16114.98,1.02,2024-06-20
运动手套,战痕累累,★,43258,运动手套（★） | 潘多拉之盒,28,15399,15707.48,1.02,2024-06-20
运动手套,破损不堪,★,43264,运动手套（★） | 超导体,39,11788.5,12024.79,1.02,2024-06-20
运动手套,略有磨损,★,45440,运动手套（★） | 双栖,408,10449.5,10332.58,0.99,2024-06-20
运动手套,战痕累累,★,43254,运动手套（★） | 树篱迷宫,30,10299.5,10506.03,1.02,2024-06-20
运动手套,崭新出厂,★,837430,运动手套（★） | 猩红头巾,20,9787.5,9945.03,1.02,2024-06-20
运动手套,略有磨损,★,43252,运动手套（★） | 干旱,97,7999.5,7619.4,0.95,2024-06-20
运动手套,久经沙场,★,45582,运动手套（★） | 迈阿密风云,1692,7887,8045.77,1.02,2024-06-20
运动手套,崭新出厂,★,837367,运动手套（★） | 大型猎物,27,7699,7782.62,1.01,2024-06-20
运动手套,略有磨损,★,45571,运动手套（★） | 欧米伽,341,7336.5,7483.76,1.02,2024-06-20
运动手套,战痕累累,★,43261,运动手套（★） | 超导体,60,6433.5,6334.19,0.98,2024-06-20
运动手套,破损不堪,★,507467,运动手套（★） | 迈阿密风云,128,5979.5,8708.88,1.46,2024-06-20
运动手套,久经沙场,★,835867,运动手套（★） | 弹弓,901,5299.5,7233.81,1.36,2024-06-20
运动手套,崭新出厂,★,767923,运动手套（★） | 青铜形态,17,5298.5,10878.84,2.05,2024-06-20
运动手套,久经沙场,★,45451,运动手套（★） | 双栖,818,4777,6643.64,1.39,2024-06-20
运动手套,略有磨损,★,836080,运动手套（★） | 夜行衣,214,4687.88,7112.25,1.52,2024-06-20
运动手套,破损不堪,★,422857,运动手套（★） | 双栖,94,3820.49,5007.61,1.31,2024-06-20
运动手套,破损不堪,★,836055,运动手套（★） | 弹弓,91,3789.5,6282.88,1.66,2024-06-20
运动手套,战痕累累,★,755612,运动手套（★） | 迈阿密风云,155,3698.5,5737.12,1.55,2024-06-20
运动手套,久经沙场,★,43251,运动手套（★） | 干旱,220,3584,5612.37,1.57,2024-06-20
运动手套,略有磨损,★,836069,运动手套（★） | 猩红头巾,179,3489.5,5378.31,1.54,2024-06-20
运动手套,久经沙场,★,45509,运动手套（★） | 欧米伽,852,2949,4326.21,1.47,2024-06-20
运动手套,战痕累累,★,45597,运动手套（★） | 双栖,111,2809.5,3755.7,1.34,2024-06-20
运动手套,久经沙场,★,835873,运动手套（★） | 夜行衣,389,2769.5,3897.59,1.41,2024-06-20
运动手套,破损不堪,★,43253,运动手套（★） | 干旱,22,2599,4926.76,1.9,2024-06-20
运动手套,破损不堪,★,836091,运动手套（★） | 夜行衣,48,2423,4096.87,1.69,2024-06-20
运动手套,略有磨损,★,836026,运动手套（★） | 大型猎物,292,2404.5,3574.05,1.49,2024-06-20
运动手套,破损不堪,★,755679,运动手套（★） | 欧米伽,105,2128,3293.05,1.55,2024-06-20
运动手套,久经沙场,★,835883,运动手套（★） | 猩红头巾,362,1989.5,2876.33,1.45,2024-06-20
运动手套,战痕累累,★,836093,运动手套（★） | 弹弓,108,1974.5,2939.25,1.49,2024-06-20
运动手套,战痕累累,★,835948,运动手套（★） | 夜行衣,58,1849.5,2611.29,1.41,2024-06-20
运动手套,破损不堪,★,836040,运动手套（★） | 猩红头巾,32,1687,2642.93,1.57,2024-06-20
运动手套,战痕累累,★,45497,运动手套（★） | 欧米伽,169,1579.5,2068.5,1.31,2024-06-20
运动手套,战痕累累,★,43249,运动手套（★） | 干旱,29,1575.48,2540.09,1.61,2024-06-20
运动手套,略有磨损,★,45603,运动手套（★） | 青铜形态,223,1470.96,2003.04,1.36,2024-06-20
运动手套,久经沙场,★,835938,运动手套（★） | 大型猎物,991,1458.5,2096.88,1.44,2024-06-20
运动手套,战痕累累,★,836028,运动手套（★） | 猩红头巾,50,1309.49,1998.54,1.53,2024-06-20
运动手套,破损不堪,★,836042,运动手套（★） | 大型猎物,126,1274.5,1697.22,1.33,2024-06-20
运动手套,战痕累累,★,835898,运动手套（★） | 大型猎物,167,1049.5,1509.54,1.44,2024-06-20
运动手套,久经沙场,★,45441,运动手套（★） | 青铜形态,571,873.5,1210.17,1.39,2024-06-20
运动手套,破损不堪,★,45570,运动手套（★） | 青铜形态,57,809,1124.82,1.39,2024-06-20
运动手套,战痕累累,★,45413,运动手套（★） | 青铜形态,88,716.5,1001.3,1.4,2024-06-20
运动手套,崭新出厂,★,755908,运动手套（★） | 潘多拉之盒,8,466666.16,433500.03,0.93,2024-06-20
运动手套,崭新出厂,★,757533,运动手套（★） | 树篱迷宫,16,224999.5,224399.97,1.0,2024-06-20
运动手套,崭新出厂,★,756118,运动手套（★） | 迈阿密风云,66,121665.5,116280.02,0.96,2024-06-20
运动手套,崭新出厂,★,756371,运动手套（★） | 超导体,13,97999.5,91830.57,0.94,2024-06-20
运动手套,略有磨损,★,44999,运动手套（★） | 潘多拉之盒,219,73799,75365.78,1.02,2024-06-20
运动手套,略有磨损,★,43256,运动手套（★） | 树篱迷宫,149,57887.5,58378.67,1.01,2024-06-20
运动手套,崭新出厂,★,837536,运动手套（★） | 弹弓,37,45999,45900.01,1.0,2024-06-20
运动手套,久经沙场,★,43259,运动手套（★） | 潘多拉之盒,513,35599.5,36311.97,1.02,2024-06-20
运动手套,崭新出厂,★,757697,运动手套（★） | 双栖,45,35199.5,35585.79,1.01,2024-06-20
运动手套,崭新出厂,★,43250,运动手套（★） | 干旱,8,34498.5,35188.96,1.02,2024-06-20
运动手套,略有磨损,★,43263,运动手套（★） | 超导体,190,32349.5,32997.0,1.02,2024-06-20
运动手套,破损不堪,★,43260,运动手套（★） | 潘多拉之盒,33,28399.5,27336.01,0.96,2024-06-20
运动手套,略有磨损,★,162629,运动手套（★） | 迈阿密风云,920,27124.5,27667.53,1.02,2024-06-20
运动手套,久经沙场,★,43255,运动手套（★） | 树篱迷宫,414,25048,25549.39,1.02,2024-06-20
运动手套,崭新出厂,★,757532,运动手套（★） | 欧米伽,32,23887,22950.0,0.96,2024-06-20
运动手套,破损不堪,★,43257,运动手套（★） | 树篱迷宫,30,17999.5,18359.99,1.02,2024-06-20
运动手套,略有磨损,★,835686,运动手套（★） | 弹弓,381,16579.5,16911.63,1.02,2024-06-20
运动手套,久经沙场,★,43262,运动手套（★） | 超导体,400,15849.5,16116.0,1.02,2024-06-20
运动手套,崭新出厂,★,837514,运动手套（★） | 夜行衣,22,15799.5,16114.98,1.02,2024-06-20
运动手套,战痕累累,★,43258,运动手套（★） | 潘多拉之盒,28,15399,15707.48,1.02,2024-06-20
运动手套,破损不堪,★,43264,运动手套（★） | 超导体,39,11788.5,12024.79,1.02,2024-06-20
运动手套,略有磨损,★,45440,运动手套（★） | 双栖,408,10449.5,10332.58,0.99,2024-06-20
运动手套,战痕累累,★,43254,运动手套（★） | 树篱迷宫,30,10299.5,10506.03,1.02,2024-06-20
运动手套,崭新出厂,★,837430,运动手套（★） | 猩红头巾,20,9787.5,9945.03,1.02,2024-06-20
运动手套,略有磨损,★,43252,运动手套（★） | 干旱,97,7999.5,7619.4,0.95,2024-06-20
运动手套,久经沙场,★,45582,运动手套（★） | 迈阿密风云,1692,7887,8045.77,1.02,2024-06-20
运动手套,崭新出厂,★,837367,运动手套（★） | 大型猎物,27,7699,7782.62,1.01,2024-06-20
运动手套,略有磨损,★,45571,运动手套（★） | 欧米伽,341,7336.5,7483.76,1.02,2024-06-20
运动手套,战痕累累,★,43261,运动手套（★） | 超导体,60,6433.5,6334.19,0.98,2024-06-20
运动手套,破损不堪,★,507467,运动手套（★） | 迈阿密风云,128,5979.5,8708.88,1.46,2024-06-20
运动手套,久经沙场,★,835867,运动手套（★） | 弹弓,901,5299.5,7233.81,1.36,2024-06-20
运动手套,崭新出厂,★,767923,运动手套（★） | 青铜形态,17,5298.5,10878.84,2.05,2024-06-20
运动手套,久经沙场,★,45451,运动手套（★） | 双栖,818,4777,6643.64,1.39,2024-06-20
运动手套,略有磨损,★,836080,运动手套（★） | 夜行衣,214,4687.88,7112.25,1.52,2024-06-20
运动手套,破损不堪,★,422857,运动手套（★） | 双栖,94,3820.49,5007.61,1.31,2024-06-20
运动手套,破损不堪,★,836055,运动手套（★） | 弹弓,91,3789.5,6282.88,1.66,2024-06-20
运动手套,战痕累累,★,755612,运动手套（★） | 迈阿密风云,155,3698.5,5737.12,1.55,2024-06-20
运动手套,久经沙场,★,43251,运动手套（★） | 干旱,220,3584,5612.37,1.57,2024-06-20
运动手套,略有磨损,★,836069,运动手套（★） | 猩红头巾,179,3489.5,5378.31,1.54,2024-06-20
运动手套,久经沙场,★,45509,运动手套（★） | 欧米伽,852,2949,4326.21,1.47,2024-06-20
运动手套,战痕累累,★,45597,运动手套（★） | 双栖,111,2809.5,3755.7,1.34,2024-06-20
运动手套,久经沙场,★,835873,运动手套（★） | 夜行衣,389,2769.5,3897.59,1.41,2024-06-20
运动手套,破损不堪,★,43253,运动手套（★） | 干旱,22,2599,4926.76,1.9,2024-06-20
运动手套,破损不堪,★,836091,运动手套（★） | 夜行衣,48,2423,4096.87,1.69,2024-06-20
运动手套,略有磨损,★,836026,运动手套（★） | 大型猎物,292,2404.5,3574.05,1.49,2024-06-20
运动手套,破损不堪,★,755679,运动手套（★） | 欧米伽,105,2128,3293.05,1.55,2024-06-20
运动手套,久经沙场,★,835883,运动手套（★） | 猩红头巾,362,1989.5,2872.26,1.44,2024-06-20
运动手套,战痕累累,★,836093,运动手套（★） | 弹弓,108,1974.5,2939.25,1.49,2024-06-20
运动手套,战痕累累,★,835948,运动手套（★） | 夜行衣,58,1849.5,2611.29,1.41,2024-06-20
运动手套,破损不堪,★,836040,运动手套（★） | 猩红头巾,32,1687,2642.93,1.57,2024-06-20
运动手套,战痕累累,★,45497,运动手套（★） | 欧米伽,169,1579.5,2068.5,1.31,2024-06-20
运动手套,战痕累累,★,43249,运动手套（★） | 干旱,29,1575.48,2540.09,1.61,2024-06-20
运动手套,略有磨损,★,45603,运动手套（★） | 青铜形态,223,1470.96,2003.04,1.36,2024-06-20
运动手套,久经沙场,★,835938,运动手套（★） | 大型猎物,991,1458.5,2096.88,1.44,2024-06-20
运动手套,战痕累累,★,836028,运动手套（★） | 猩红头巾,50,1309.49,1998.54,1.53,2024-06-20
运动手套,破损不堪,★,836042,运动手套（★） | 大型猎物,126,1274.5,1697.22,1.33,2024-06-20
运动手套,战痕累累,★,835898,运动手套（★） | 大型猎物,167,1049.5,1509.54,1.44,2024-06-20
运动手套,久经沙场,★,45441,运动手套（★） | 青铜形态,571,873.5,1210.17,1.39,2024-06-20
运动手套,破损不堪,★,45570,运动手套（★） | 青铜形态,57,809,1124.82,1.39,2024-06-20
运动手套,战痕累累,★,45413,运动手套（★） | 青铜形态,88,716.5,1001.3,1.4,2024-06-20
运动手套,崭新出厂,★,755908,运动手套（★） | 潘多拉之盒,8,466666.16,433500.03,0.93,2024-06-20
运动手套,崭新出厂,★,757533,运动手套（★） | 树篱迷宫,16,224999.5,224399.97,1.0,2024-06-20
运动手套,崭新出厂,★,756118,运动手套（★） | 迈阿密风云,66,121665.5,116280.02,0.96,2024-06-20
运动手套,崭新出厂,★,756371,运动手套（★） | 超导体,13,97999.5,91830.57,0.94,2024-06-20
运动手套,略有磨损,★,44999,运动手套（★） | 潘多拉之盒,219,73799,75365.78,1.02,2024-06-20
运动手套,略有磨损,★,43256,运动手套（★） | 树篱迷宫,149,57887.5,58378.67,1.01,2024-06-20
运动手套,崭新出厂,★,837536,运动手套（★） | 弹弓,37,45999,45900.01,1.0,2024-06-20
运动手套,久经沙场,★,43259,运动手套（★） | 潘多拉之盒,513,35599.5,36311.97,1.02,2024-06-20
运动手套,崭新出厂,★,757697,运动手套（★） | 双栖,45,35199.5,35585.79,1.01,2024-06-20
运动手套,崭新出厂,★,43250,运动手套（★） | 干旱,8,34498.5,35188.96,1.02,2024-06-20
运动手套,略有磨损,★,43263,运动手套（★） | 超导体,190,32349.5,32997.0,1.02,2024-06-20
运动手套,破损不堪,★,43260,运动手套（★） | 潘多拉之盒,33,28399.5,27336.01,0.96,2024-06-20
运动手套,略有磨损,★,162629,运动手套（★） | 迈阿密风云,920,27124.5,27667.53,1.02,2024-06-20
运动手套,久经沙场,★,43255,运动手套（★） | 树篱迷宫,414,25048,25549.39,1.02,2024-06-20
运动手套,崭新出厂,★,757532,运动手套（★） | 欧米伽,32,23887,22950.0,0.96,2024-06-20
运动手套,破损不堪,★,43257,运动手套（★） | 树篱迷宫,30,17999.5,18359.99,1.02,2024-06-20
运动手套,略有磨损,★,835686,运动手套（★） | 弹弓,381,16579.5,16911.63,1.02,2024-06-20
运动手套,久经沙场,★,43262,运动手套（★） | 超导体,400,15849.5,16116.0,1.02,2024-06-20
运动手套,崭新出厂,★,837514,运动手套（★） | 夜行衣,22,15799.5,16114.98,1.02,2024-06-20
运动手套,战痕累累,★,43258,运动手套（★） | 潘多拉之盒,28,15399,15707.48,1.02,2024-06-20
运动手套,破损不堪,★,43264,运动手套（★） | 超导体,39,11788.5,12024.79,1.02,2024-06-20
运动手套,略有磨损,★,45440,运动手套（★） | 双栖,408,10449.5,10332.58,0.99,2024-06-20
运动手套,战痕累累,★,43254,运动手套（★） | 树篱迷宫,30,10299.5,10506.03,1.02,2024-06-20
运动手套,崭新出厂,★,837430,运动手套（★） | 猩红头巾,20,9787.5,9945.03,1.02,2024-06-20
运动手套,略有磨损,★,43252,运动手套（★） | 干旱,97,7999.5,7619.4,0.95,2024-06-20
运动手套,久经沙场,★,45582,运动手套（★） | 迈阿密风云,1692,7887,8045.77,1.02,2024-06-20
运动手套,崭新出厂,★,837367,运动手套（★） | 大型猎物,27,7699,7782.62,1.01,2024-06-20
运动手套,略有磨损,★,45571,运动手套（★） | 欧米伽,341,7336.5,7483.76,1.02,2024-06-20
运动手套,战痕累累,★,43261,运动手套（★） | 超导体,60,6433.5,6334.19,0.98,2024-06-20
运动手套,破损不堪,★,507467,运动手套（★） | 迈阿密风云,128,5979.5,8708.88,1.46,2024-06-20
运动手套,久经沙场,★,835867,运动手套（★） | 弹弓,901,5299.5,7233.81,1.36,2024-06-20
运动手套,崭新出厂,★,767923,运动手套（★） | 青铜形态,17,5298.5,10878.84,2.05,2024-06-20
运动手套,久经沙场,★,45451,运动手套（★） | 双栖,818,4777,6643.64,1.39,2024-06-20
运动手套,略有磨损,★,836080,运动手套（★） | 夜行衣,214,4687.88,7112.25,1.52,2024-06-20
运动手套,破损不堪,★,422857,运动手套（★） | 双栖,94,3820.49,5007.61,1.31,2024-06-20
运动手套,破损不堪,★,836055,运动手套（★） | 弹弓,91,3789.5,6282.88,1.66,2024-06-20
运动手套,战痕累累,★,755612,运动手套（★） | 迈阿密风云,155,3698.5,5737.12,1.55,2024-06-20
运动手套,久经沙场,★,43251,运动手套（★） | 干旱,220,3584,5612.37,1.57,2024-06-20
运动手套,略有磨损,★,836069,运动手套（★） | 猩红头巾,179,3489.5,5378.31,1.54,2024-06-20
运动手套,久经沙场,★,45509,运动手套（★） | 欧米伽,852,2949,4326.21,1.47,2024-06-20
运动手套,战痕累累,★,45597,运动手套（★） | 双栖,111,2809.5,3755.7,1.34,2024-06-20
运动手套,久经沙场,★,835873,运动手套（★） | 夜行衣,389,2769.5,3897.59,1.41,2024-06-20
运动手套,破损不堪,★,43253,运动手套（★） | 干旱,22,2599,4926.76,1.9,2024-06-20
运动手套,破损不堪,★,836091,运动手套（★） | 夜行衣,48,2423,4096.87,1.69,2024-06-20
运动手套,略有磨损,★,836026,运动手套（★） | 大型猎物,292,2404.5,3574.05,1.49,2024-06-20
运动手套,破损不堪,★,755679,运动手套（★） | 欧米伽,105,2128,3293.05,1.55,2024-06-20
运动手套,久经沙场,★,835883,运动手套（★） | 猩红头巾,362,1989.5,2876.33,1.45,2024-06-20
运动手套,战痕累累,★,836093,运动手套（★） | 弹弓,108,1974.5,2939.25,1.49,2024-06-20
运动手套,战痕累累,★,835948,运动手套（★） | 夜行衣,58,1849.5,2650.48,1.43,2024-06-20
运动手套,破损不堪,★,836040,运动手套（★） | 猩红头巾,32,1687,2642.78,1.57,2024-06-20
运动手套,战痕累累,★,45497,运动手套（★） | 欧米伽,169,1579.5,2068.5,1.31,2024-06-20
运动手套,战痕累累,★,43249,运动手套（★） | 干旱,29,1575.48,2540.09,1.61,2024-06-20
运动手套,略有磨损,★,45603,运动手套（★） | 青铜形态,223,1470.96,2003.04,1.36,2024-06-20
运动手套,久经沙场,★,835938,运动手套（★） | 大型猎物,991,1458.5,2096.88,1.44,2024-06-20
运动手套,战痕累累,★,836028,运动手套（★） | 猩红头巾,50,1309.49,1998.54,1.53,2024-06-20
运动手套,破损不堪,★,836042,运动手套（★） | 大型猎物,126,1274.5,1697.22,1.33,2024-06-20
运动手套,战痕累累,★,835898,运动手套（★） | 大型猎物,167,1049.5,1509.54,1.44,2024-06-20
运动手套,久经沙场,★,45441,运动手套（★） | 青铜形态,571,873.5,1210.17,1.39,2024-06-20
运动手套,破损不堪,★,45570,运动手套（★） | 青铜形态,57,809,1124.82,1.39,2024-06-20
运动手套,战痕累累,★,45413,运动手套（★） | 青铜形态,88,716.5,1001.3,1.4,2024-06-20
运动手套,崭新出厂,★,755908,运动手套（★） | 潘多拉之盒,8,466666.16,433500.03,0.93,2024-06-20
运动手套,崭新出厂,★,757533,运动手套（★） | 树篱迷宫,16,224999.5,224399.97,1.0,2024-06-20
运动手套,崭新出厂,★,756118,运动手套（★） | 迈阿密风云,66,121665.5,116280.02,0.96,2024-06-20
运动手套,崭新出厂,★,756371,运动手套（★） | 超导体,13,97999.5,91830.57,0.94,2024-06-20
运动手套,略有磨损,★,44999,运动手套（★） | 潘多拉之盒,219,73799,75365.78,1.02,2024-06-20
运动手套,略有磨损,★,43256,运动手套（★） | 树篱迷宫,149,57887.5,58378.67,1.01,2024-06-20
运动手套,崭新出厂,★,837536,运动手套（★） | 弹弓,37,45999,45900.01,1.0,2024-06-20
运动手套,久经沙场,★,43259,运动手套（★） | 潘多拉之盒,513,35599.5,36311.97,1.02,2024-06-20
运动手套,崭新出厂,★,757697,运动手套（★） | 双栖,45,35199.5,35585.79,1.01,2024-06-20
运动手套,崭新出厂,★,43250,运动手套（★） | 干旱,8,34498.5,35188.96,1.02,2024-06-20
运动手套,略有磨损,★,43263,运动手套（★） | 超导体,190,32349.5,32997.0,1.02,2024-06-20
运动手套,破损不堪,★,43260,运动手套（★） | 潘多拉之盒,33,28399.5,27336.01,0.96,2024-06-20
运动手套,略有磨损,★,162629,运动手套（★） | 迈阿密风云,920,27124.5,27667.53,1.02,2024-06-20
运动手套,久经沙场,★,43255,运动手套（★） | 树篱迷宫,414,25048,25549.39,1.02,2024-06-20
运动手套,崭新出厂,★,757532,运动手套（★） | 欧米伽,32,23887,22950.0,0.96,2024-06-20
运动手套,破损不堪,★,43257,运动手套（★） | 树篱迷宫,30,17999.5,18359.99,1.02,2024-06-20
运动手套,略有磨损,★,835686,运动手套（★） | 弹弓,381,16579.5,16911.63,1.02,2024-06-20
运动手套,久经沙场,★,43262,运动手套（★） | 超导体,400,15849.5,16116.0,1.02,2024-06-20
运动手套,崭新出厂,★,837514,运动手套（★） | 夜行衣,22,15799.5,16114.98,1.02,2024-06-20
运动手套,战痕累累,★,43258,运动手套（★） | 潘多拉之盒,28,15399,15707.48,1.02,2024-06-20
运动手套,破损不堪,★,43264,运动手套（★） | 超导体,39,11788.5,12024.79,1.02,2024-06-20
运动手套,略有磨损,★,45440,运动手套（★） | 双栖,408,10449.5,10332.58,0.99,2024-06-20
运动手套,战痕累累,★,43254,运动手套（★） | 树篱迷宫,30,10299.5,10506.03,1.02,2024-06-20
运动手套,崭新出厂,★,837430,运动手套（★） | 猩红头巾,20,9787.5,9945.03,1.02,2024-06-20
运动手套,略有磨损,★,43252,运动手套（★） | 干旱,97,7999.5,7619.4,0.95,2024-06-20
运动手套,久经沙场,★,45582,运动手套（★） | 迈阿密风云,1692,7887,8045.77,1.02,2024-06-20
运动手套,崭新出厂,★,837367,运动手套（★） | 大型猎物,27,7699,7782.62,1.01,2024-06-20
运动手套,略有磨损,★,45571,运动手套（★） | 欧米伽,341,7336.5,7483.76,1.02,2024-06-20
运动手套,战痕累累,★,43261,运动手套（★） | 超导体,60,6433.5,6334.19,0.98,2024-06-20
运动手套,破损不堪,★,507467,运动手套（★） | 迈阿密风云,128,5979.5,8708.88,1.46,2024-06-20
运动手套,久经沙场,★,835867,运动手套（★） | 弹弓,901,5299.5,7233.81,1.36,2024-06-20
运动手套,崭新出厂,★,767923,运动手套（★） | 青铜形态,17,5298.5,10878.84,2.05,2024-06-20
运动手套,久经沙场,★,45451,运动手套（★） | 双栖,818,4777,6643.64,1.39,2024-06-20
运动手套,略有磨损,★,836080,运动手套（★） | 夜行衣,214,4687.88,7112.25,1.52,2024-06-20
运动手套,破损不堪,★,422857,运动手套（★） | 双栖,94,3820.49,5007.61,1.31,2024-06-20
运动手套,破损不堪,★,836055,运动手套（★） | 弹弓,91,3789.5,6282.88,1.66,2024-06-20
运动手套,战痕累累,★,755612,运动手套（★） | 迈阿密风云,155,3698.5,5737.12,1.55,2024-06-20
运动手套,久经沙场,★,43251,运动手套（★） | 干旱,220,3584,5612.37,1.57,2024-06-20
运动手套,略有磨损,★,836069,运动手套（★） | 猩红头巾,179,3489.5,5378.31,1.54,2024-06-20
运动手套,久经沙场,★,45509,运动手套（★） | 欧米伽,852,2949,4326.21,1.47,2024-06-20
运动手套,战痕累累,★,45597,运动手套（★） | 双栖,111,2809.5,3755.7,1.34,2024-06-20
运动手套,久经沙场,★,835873,运动手套（★） | 夜行衣,389,2769.5,3897.59,1.41,2024-06-20
运动手套,破损不堪,★,43253,运动手套（★） | 干旱,22,2599,4926.76,1.9,2024-06-20
运动手套,破损不堪,★,836091,运动手套（★） | 夜行衣,48,2423,4096.87,1.69,2024-06-20
运动手套,略有磨损,★,836026,运动手套（★） | 大型猎物,292,2404.5,3574.05,1.49,2024-06-20
运动手套,破损不堪,★,755679,运动手套（★） | 欧米伽,105,2128,3293.05,1.55,2024-06-20
运动手套,久经沙场,★,835883,运动手套（★） | 猩红头巾,362,1989.5,2872.26,1.44,2024-06-20
运动手套,战痕累累,★,836093,运动手套（★） | 弹弓,108,1974.5,2939.25,1.49,2024-06-20
运动手套,战痕累累,★,835948,运动手套（★） | 夜行衣,58,1849.5,2611.29,1.41,2024-06-20
运动手套,破损不堪,★,836040,运动手套（★） | 猩红头巾,32,1687,2642.78,1.57,2024-06-20
运动手套,战痕累累,★,45497,运动手套（★） | 欧米伽,169,1579.5,2068.5,1.31,2024-06-20
运动手套,战痕累累,★,43249,运动手套（★） | 干旱,29,1575.48,2540.09,1.61,2024-06-20
运动手套,略有磨损,★,45603,运动手套（★） | 青铜形态,223,1470.96,2003.04,1.36,2024-06-20
运动手套,久经沙场,★,835938,运动手套（★） | 大型猎物,991,1458.5,2096.88,1.44,2024-06-20
运动手套,战痕累累,★,836028,运动手套（★） | 猩红头巾,50,1309.49,1998.54,1.53,2024-06-20
运动手套,破损不堪,★,836042,运动手套（★） | 大型猎物,126,1274.5,1697.22,1.33,2024-06-20
运动手套,战痕累累,★,835898,运动手套（★） | 大型猎物,167,1049.5,1509.54,1.44,2024-06-20
运动手套,久经沙场,★,45441,运动手套（★） | 青铜形态,571,873.5,1210.17,1.39,2024-06-20
运动手套,破损不堪,★,45570,运动手套（★） | 青铜形态,57,809,1124.82,1.39,2024-06-20
运动手套,战痕累累,★,45413,运动手套（★） | 青铜形态,88,716.5,1001.3,1.4,2024-06-20
运动手套,崭新出厂,★,755908,运动手套（★） | 潘多拉之盒,8,466666.16,433500.03,0.93,2024-06-20
运动手套,崭新出厂,★,757533,运动手套（★） | 树篱迷宫,16,224999.5,224399.97,1.0,2024-06-20
运动手套,崭新出厂,★,756118,运动手套（★） | 迈阿密风云,66,121665.5,116280.02,0.96,2024-06-20
运动手套,崭新出厂,★,756371,运动手套（★） | 超导体,13,97999.5,91830.57,0.94,2024-06-20
运动手套,略有磨损,★,44999,运动手套（★） | 潘多拉之盒,219,73799,75365.78,1.02,2024-06-20
运动手套,略有磨损,★,43256,运动手套（★） | 树篱迷宫,149,57887.5,58378.67,1.01,2024-06-20
运动手套,崭新出厂,★,837536,运动手套（★） | 弹弓,37,45999,45900.01,1.0,2024-06-20
运动手套,久经沙场,★,43259,运动手套（★） | 潘多拉之盒,513,35599.5,36311.97,1.02,2024-06-20
运动手套,崭新出厂,★,757697,运动手套（★） | 双栖,45,35199.5,35585.79,1.01,2024-06-20
运动手套,崭新出厂,★,43250,运动手套（★） | 干旱,8,34498.5,35188.96,1.02,2024-06-20
运动手套,略有磨损,★,43263,运动手套（★） | 超导体,190,32349.5,32997.0,1.02,2024-06-20
运动手套,破损不堪,★,43260,运动手套（★） | 潘多拉之盒,33,28399.5,27336.01,0.96,2024-06-20
运动手套,略有磨损,★,162629,运动手套（★） | 迈阿密风云,920,27124.5,27667.53,1.02,2024-06-20
运动手套,久经沙场,★,43255,运动手套（★） | 树篱迷宫,414,25048,25549.39,1.02,2024-06-20
运动手套,崭新出厂,★,757532,运动手套（★） | 欧米伽,32,23887,22950.0,0.96,2024-06-20
运动手套,破损不堪,★,43257,运动手套（★） | 树篱迷宫,30,17999.5,18359.99,1.02,2024-06-20
运动手套,略有磨损,★,835686,运动手套（★） | 弹弓,381,16579.5,16911.63,1.02,2024-06-20
运动手套,久经沙场,★,43262,运动手套（★） | 超导体,400,15849.5,16116.0,1.02,2024-06-20
运动手套,崭新出厂,★,837514,运动手套（★） | 夜行衣,22,15799.5,16114.98,1.02,2024-06-20
运动手套,战痕累累,★,43258,运动手套（★） | 潘多拉之盒,28,15399,15707.48,1.02,2024-06-20
运动手套,破损不堪,★,43264,运动手套（★） | 超导体,39,11788.5,12024.79,1.02,2024-06-20
运动手套,略有磨损,★,45440,运动手套（★） | 双栖,408,10449.5,10332.58,0.99,2024-06-20
运动手套,战痕累累,★,43254,运动手套（★） | 树篱迷宫,30,10299.5,10506.03,1.02,2024-06-20
运动手套,崭新出厂,★,837430,运动手套（★） | 猩红头巾,20,9787.5,9945.03,1.02,2024-06-20
运动手套,略有磨损,★,43252,运动手套（★） | 干旱,97,7999.5,7619.4,0.95,2024-06-20
运动手套,久经沙场,★,45582,运动手套（★） | 迈阿密风云,1692,7887,8045.77,1.02,2024-06-20
运动手套,崭新出厂,★,837367,运动手套（★） | 大型猎物,27,7699,7782.62,1.01,2024-06-20
运动手套,略有磨损,★,45571,运动手套（★） | 欧米伽,341,7336.5,7483.76,1.02,2024-06-20
运动手套,战痕累累,★,43261,运动手套（★） | 超导体,60,6433.5,6334.19,0.98,2024-06-20
运动手套,破损不堪,★,507467,运动手套（★） | 迈阿密风云,128,5979.5,8708.88,1.46,2024-06-20
运动手套,久经沙场,★,835867,运动手套（★） | 弹弓,901,5299.5,7233.81,1.36,2024-06-20
运动手套,崭新出厂,★,767923,运动手套（★） | 青铜形态,17,5298.5,10878.84,2.05,2024-06-20
运动手套,久经沙场,★,45451,运动手套（★） | 双栖,818,4777,6643.64,1.39,2024-06-20
运动手套,略有磨损,★,836080,运动手套（★） | 夜行衣,214,4687.88,7112.25,1.52,2024-06-20
运动手套,破损不堪,★,422857,运动手套（★） | 双栖,94,3820.49,5007.61,1.31,2024-06-20
运动手套,破损不堪,★,836055,运动手套（★） | 弹弓,91,3789.5,6282.88,1.66,2024-06-20
运动手套,战痕累累,★,755612,运动手套（★） | 迈阿密风云,155,3698.5,5737.12,1.55,2024-06-20
运动手套,久经沙场,★,43251,运动手套（★） | 干旱,220,3584,5612.37,1.57,2024-06-20
运动手套,略有磨损,★,836069,运动手套（★） | 猩红头巾,179,3489.5,5378.31,1.54,2024-06-20
运动手套,久经沙场,★,45509,运动手套（★） | 欧米伽,852,2949,4326.21,1.47,2024-06-20
运动手套,战痕累累,★,45597,运动手套（★） | 双栖,111,2809.5,3755.7,1.34,2024-06-20
运动手套,久经沙场,★,835873,运动手套（★） | 夜行衣,389,2769.5,3897.59,1.41,2024-06-20
运动手套,破损不堪,★,43253,运动手套（★） | 干旱,22,2599,4926.76,1.9,2024-06-20
运动手套,破损不堪,★,836091,运动手套（★） | 夜行衣,48,2423,4096.87,1.69,2024-06-20
运动手套,略有磨损,★,836026,运动手套（★） | 大型猎物,292,2404.5,3574.05,1.49,2024-06-20
运动手套,破损不堪,★,755679,运动手套（★） | 欧米伽,105,2128,3293.05,1.55,2024-06-20
运动手套,久经沙场,★,835883,运动手套（★） | 猩红头巾,362,1989.5,2872.26,1.44,2024-06-20
运动手套,战痕累累,★,836093,运动手套（★） | 弹弓,108,1974.5,2939.25,1.49,2024-06-20
运动手套,战痕累累,★,835948,运动手套（★） | 夜行衣,58,1849.5,2611.29,1.41,2024-06-20
运动手套,破损不堪,★,836040,运动手套（★） | 猩红头巾,32,1687,2642.93,1.57,2024-06-20
运动手套,战痕累累,★,45497,运动手套（★） | 欧米伽,169,1579.5,2068.5,1.31,2024-06-20
运动手套,战痕累累,★,43249,运动手套（★） | 干旱,29,1575.48,2540.09,1.61,2024-06-20
运动手套,略有磨损,★,45603,运动手套（★） | 青铜形态,223,1470.96,2003.04,1.36,2024-06-20
运动手套,久经沙场,★,835938,运动手套（★） | 大型猎物,991,1458.5,2096.88,1.44,2024-06-20
运动手套,战痕累累,★,836028,运动手套（★） | 猩红头巾,50,1309.49,1998.54,1.53,2024-06-20
运动手套,破损不堪,★,836042,运动手套（★） | 大型猎物,126,1274.5,1697.22,1.33,2024-06-20
运动手套,战痕累累,★,835898,运动手套（★） | 大型猎物,167,1049.5,1509.54,1.44,2024-06-20
运动手套,久经沙场,★,45441,运动手套（★） | 青铜形态,571,873.5,1210.17,1.39,2024-06-20
运动手套,破损不堪,★,45570,运动手套（★） | 青铜形态,57,809,1124.82,1.39,2024-06-20
运动手套,战痕累累,★,45413,运动手套（★） | 青铜形态,88,716.5,1001.3,1.4,2024-06-20
运动手套,崭新出厂,★,755908,运动手套（★） | 潘多拉之盒,8,466666.16,433500.03,0.93,2024-06-20
运动手套,崭新出厂,★,757533,运动手套（★） | 树篱迷宫,16,224999.5,224399.97,1.0,2024-06-20
运动手套,崭新出厂,★,756118,运动手套（★） | 迈阿密风云,66,121665.5,116280.02,0.96,2024-06-20
运动手套,崭新出厂,★,756371,运动手套（★） | 超导体,13,97999.5,91830.57,0.94,2024-06-20
运动手套,略有磨损,★,44999,运动手套（★） | 潘多拉之盒,219,73799,75365.78,1.02,2024-06-20
运动手套,略有磨损,★,43256,运动手套（★） | 树篱迷宫,149,57887.5,58378.67,1.01,2024-06-20
运动手套,崭新出厂,★,837536,运动手套（★） | 弹弓,37,45999,45900.01,1.0,2024-06-20
运动手套,久经沙场,★,43259,运动手套（★） | 潘多拉之盒,513,35599.5,36311.97,1.02,2024-06-20
运动手套,崭新出厂,★,757697,运动手套（★） | 双栖,45,35199.5,35585.79,1.01,2024-06-20
运动手套,崭新出厂,★,43250,运动手套（★） | 干旱,8,34498.5,35188.96,1.02,2024-06-20
运动手套,略有磨损,★,43263,运动手套（★） | 超导体,190,32349.5,32997.0,1.02,2024-06-20
运动手套,破损不堪,★,43260,运动手套（★） | 潘多拉之盒,33,28399.5,27336.01,0.96,2024-06-20
运动手套,略有磨损,★,162629,运动手套（★） | 迈阿密风云,920,27124.5,27667.53,1.02,2024-06-20
运动手套,久经沙场,★,43255,运动手套（★） | 树篱迷宫,414,25048,25549.39,1.02,2024-06-20
运动手套,崭新出厂,★,757532,运动手套（★） | 欧米伽,32,23887,22950.0,0.96,2024-06-20
运动手套,破损不堪,★,43257,运动手套（★） | 树篱迷宫,30,17999.5,18359.99,1.02,2024-06-20
运动手套,略有磨损,★,835686,运动手套（★） | 弹弓,381,16579.5,16911.63,1.02,2024-06-20
运动手套,久经沙场,★,43262,运动手套（★） | 超导体,400,15849.5,16116.0,1.02,2024-06-20
运动手套,崭新出厂,★,837514,运动手套（★） | 夜行衣,22,15799.5,16114.98,1.02,2024-06-20
运动手套,战痕累累,★,43258,运动手套（★） | 潘多拉之盒,28,15399,15707.48,1.02,2024-06-20
运动手套,破损不堪,★,43264,运动手套（★） | 超导体,39,11788.5,12024.79,1.02,2024-06-20
运动手套,略有磨损,★,45440,运动手套（★） | 双栖,408,10449.5,10332.58,0.99,2024-06-20
运动手套,战痕累累,★,43254,运动手套（★） | 树篱迷宫,30,10299.5,10506.03,1.02,2024-06-20
运动手套,崭新出厂,★,837430,运动手套（★） | 猩红头巾,20,9787.5,9945.03,1.02,2024-06-20
运动手套,略有磨损,★,43252,运动手套（★） | 干旱,97,7999.5,7619.4,0.95,2024-06-20
运动手套,久经沙场,★,45582,运动手套（★） | 迈阿密风云,1692,7887,8045.77,1.02,2024-06-20
运动手套,崭新出厂,★,837367,运动手套（★） | 大型猎物,27,7699,7782.62,1.01,2024-06-20
运动手套,略有磨损,★,45571,运动手套（★） | 欧米伽,341,7336.5,7483.76,1.02,2024-06-20
运动手套,战痕累累,★,43261,运动手套（★） | 超导体,60,6433.5,6334.19,0.98,2024-06-20
运动手套,破损不堪,★,507467,运动手套（★） | 迈阿密风云,128,5979.5,8708.88,1.46,2024-06-20
运动手套,久经沙场,★,835867,运动手套（★） | 弹弓,901,5299.5,7233.81,1.36,2024-06-20
运动手套,崭新出厂,★,767923,运动手套（★） | 青铜形态,17,5298.5,10878.84,2.05,2024-06-20
运动手套,久经沙场,★,45451,运动手套（★） | 双栖,818,4777,6643.64,1.39,2024-06-20
运动手套,略有磨损,★,836080,运动手套（★） | 夜行衣,214,4687.88,7112.25,1.52,2024-06-20
运动手套,破损不堪,★,422857,运动手套（★） | 双栖,94,3820.49,5007.61,1.31,2024-06-20
运动手套,破损不堪,★,836055,运动手套（★） | 弹弓,91,3789.5,6282.88,1.66,2024-06-20
运动手套,战痕累累,★,755612,运动手套（★） | 迈阿密风云,155,3698.5,5737.12,1.55,2024-06-20
运动手套,久经沙场,★,43251,运动手套（★） | 干旱,220,3584,5612.37,1.57,2024-06-20
运动手套,略有磨损,★,836069,运动手套（★） | 猩红头巾,179,3489.5,5378.31,1.54,2024-06-20
运动手套,久经沙场,★,45509,运动手套（★） | 欧米伽,852,2949,4326.21,1.47,2024-06-20
运动手套,战痕累累,★,45597,运动手套（★） | 双栖,111,2809.5,3755.7,1.34,2024-06-20
运动手套,久经沙场,★,835873,运动手套（★） | 夜行衣,389,2769.5,3897.59,1.41,2024-06-20
运动手套,破损不堪,★,43253,运动手套（★） | 干旱,22,2599,4926.76,1.9,2024-06-20
运动手套,破损不堪,★,836091,运动手套（★） | 夜行衣,48,2423,4096.87,1.69,2024-06-20
运动手套,略有磨损,★,836026,运动手套（★） | 大型猎物,292,2404.5,3574.05,1.49,2024-06-20
运动手套,破损不堪,★,755679,运动手套（★） | 欧米伽,105,2128,3293.05,1.55,2024-06-20
运动手套,久经沙场,★,835883,运动手套（★） | 猩红头巾,362,1989.5,2876.33,1.45,2024-06-20
运动手套,战痕累累,★,836093,运动手套（★） | 弹弓,108,1974.5,2939.25,1.49,2024-06-20
运动手套,战痕累累,★,835948,运动手套（★） | 夜行衣,58,1849.5,2650.48,1.43,2024-06-20
运动手套,破损不堪,★,836040,运动手套（★） | 猩红头巾,32,1687,2642.78,1.57,2024-06-20
运动手套,战痕累累,★,45497,运动手套（★） | 欧米伽,169,1579.5,2068.5,1.31,2024-06-20
运动手套,战痕累累,★,43249,运动手套（★） | 干旱,29,1575.48,2540.09,1.61,2024-06-20
运动手套,略有磨损,★,45603,运动手套（★） | 青铜形态,223,1470.96,2003.04,1.36,2024-06-20
运动手套,久经沙场,★,835938,运动手套（★） | 大型猎物,991,1458.5,2096.88,1.44,2024-06-20
运动手套,战痕累累,★,836028,运动手套（★） | 猩红头巾,50,1309.49,1998.54,1.53,2024-06-20
运动手套,破损不堪,★,836042,运动手套（★） | 大型猎物,126,1274.5,1697.22,1.33,2024-06-20
运动手套,战痕累累,★,835898,运动手套（★） | 大型猎物,167,1049.5,1509.54,1.44,2024-06-20
运动手套,久经沙场,★,45441,运动手套（★） | 青铜形态,571,873.5,1210.17,1.39,2024-06-20
运动手套,破损不堪,★,45570,运动手套（★） | 青铜形态,57,809,1124.82,1.39,2024-06-20
运动手套,战痕累累,★,45413,运动手套（★） | 青铜形态,88,716.5,1001.3,1.4,2024-06-20
